property_id,transaction_id,address,zipcode,good_sell_prob,list,url,lat,long,date_listed,transaction_date,price,good_sell
311367,22239399,"1133 E Taylor St, Phoenix, AZ 85006 ",85006,0.5868123769760132,184900,https://www.zillow.com/homedetails/1133-E-Taylor-St-Phoenix-AZ-85006/7529758_zpid/,33.4537,-112.057,2017-06-13,2017-06-13,184900,True
2033500,21579763,"14650 N 37th St, Phoenix, AZ 85032 ",85032,0.5868123769760132,250000,https://www.zillow.com/homedetails/14650-N-37th-St-Phoenix-AZ-85032/8012969_zpid/,33.6209,-112.003,2017-04-28,2017-04-28,248000,True
250471,22606654,"3001 W Mcrae Way, Phoenix, AZ 85027 ",85027,0.5868123769760132,309900,https://www.zillow.com/homedetails/3001-W-Mcrae-Way-Phoenix-AZ-85027/7934701_zpid/,33.6551,-112.124,2017-08-30,2017-08-30,313000,True
7390085,22136510,"14837 N 42nd Way, Phoenix, AZ 85032 ",85032,0.5868123769760132,360000,https://www.zillow.com/homedetails/14837-N-42nd-Way-Phoenix-AZ-85032/8029991_zpid/,33.622,-111.989,2017-06-24,2017-06-24,355000,True
7515622,21987654,"6024 W Augusta Ave, Glendale, AZ 85301 ",85301,0.5868123769760132,89900,https://www.zillow.com/homedetails/6024-W-Augusta-Ave-Glendale-AZ-85301/7705377_zpid/,33.5517,-112.19,2017-06-22,2017-06-22,90000,True
244826,22290023,"4435 E Badger Way, Phoenix, AZ 85044 ",85044,0.5868123769760132,277500,https://www.zillow.com/homedetails/4435-E-Badger-Way-Phoenix-AZ-85044/8260784_zpid/,33.3144,-111.987,2017-07-09,2017-07-09,277500,True
7567072,22093889,"4417 E Maldonado Dr, Phoenix, AZ 85042 ",85042,0.5868123769760132,210000,https://www.zillow.com/homedetails/4417-E-Maldonado-Dr-Phoenix-AZ-85042/7551938_zpid/,33.3848,-111.986,2017-06-26,2017-06-26,210000,True
227710,22028046,"13024 S 47th St, Phoenix, AZ 85044 ",85044,0.5868123769760132,195000,https://www.zillow.com/homedetails/13024-S-47th-St-Phoenix-AZ-85044/8150858_zpid/,33.326,-111.983,2017-06-08,2017-06-08,192000,True
224519,21572658,"1256 E Utopia Rd, Phoenix, AZ 85024 ",85024,0.5868123769760132,239000,https://www.zillow.com/homedetails/1256-E-Utopia-Rd-Phoenix-AZ-85024/7995408_zpid/,33.6624,-112.055,2017-04-28,2017-04-28,240000,True
7387727,22253024,"19402 N 15th Pl, Phoenix, AZ 85024 ",85024,0.5868123769760132,294900,https://www.zillow.com/homedetails/19402-N-15th-Pl-Phoenix-AZ-85024/7995515_zpid/,33.6624,-112.049,2017-07-04,2017-07-04,285000,True
8276845,22109538,"17423 N 35th Pl, Phoenix, AZ 85032 ",85032,0.5868123769760132,259000,https://www.zillow.com/homedetails/17423-N-35th-Pl-Phoenix-AZ-85032/7998257_zpid/,33.6448,-112.003,2017-06-09,2017-06-09,255000,True
212390,22094659,"4840 E Palm Ln, Phoenix, AZ 85008 ",85008,0.5868123769760132,270000,https://www.zillow.com/homedetails/4840-E-Palm-Ln-Phoenix-AZ-85008/7561929_zpid/,33.4691,-111.976,2017-06-15,2017-06-15,265000,True
648734,22259427,"2334 W Obispo Ave, Mesa, AZ 85202 ",85202,0.5868123769760132,224900,https://www.zillow.com/homedetails/2334-W-Obispo-Ave-Mesa-AZ-85202/8170840_zpid/,33.3612,-111.884,2017-07-05,2017-07-05,218000,True
8810790,22230788,"1530 E Rockwood Dr, Phoenix, AZ 85024 ",85024,0.5868123769760132,240000,https://www.zillow.com/homedetails/1530-E-Rockwood-Dr-Phoenix-AZ-85024/64940122_zpid/,33.6568,-112.049,2017-05-11,2017-05-11,237500,True
1954998,22101523,"14434 S Cholla Canyon Dr, Phoenix, AZ 85044 ",85044,0.5868123769760132,290500,http://www.zillow.com/homedetails/14434-S-Cholla-Canyon-Dr-Phoenix-AZ-85044/8164694_zpid/,33.3157,-111.992,2017-06-02,2017-06-02,290000,True
360490,22069150,"18641 N 39th Way, Phoenix, AZ 85050 ",85050,0.5868123769760132,259900,https://www.zillow.com/homedetails/18641-N-39th-Way-Phoenix-AZ-85050/7997667_zpid/,33.6568,-111.997,2017-06-22,2017-06-22,254000,True
8927742,22163964,"4126 E Hartford Ave, Phoenix, AZ 85032 ",85032,0.5868123769760132,249000,https://www.zillow.com/homedetails/4126-E-Hartford-Ave-Phoenix-AZ-85032/8018344_zpid/,33.6451,-111.992,2017-06-09,2017-06-09,235000,False
8937830,22201410,"1027 E Village Circle Dr S, Phoenix, AZ 85022 ",85022,0.5868123769760132,334400,https://www.zillow.com/homedetails/1027-E-Village-Circle-Dr-S-Phoenix-AZ-85022/7782828_zpid/,33.6081,-112.06,2017-05-04,2017-05-04,326700,True
1373837,22708249,"8783 W Augusta Ave, Glendale, AZ 85305 ",85305,0.5868123769760132,259900,https://www.zillow.com/homedetails/8783-W-Augusta-Ave-Glendale-AZ-85305/67770841_zpid/,33.5503,-112.248,2017-09-22,2017-09-22,255000,True
1356306,22609613,"7108 N 48th Dr, Glendale, AZ 85301 ",85301,0.5868123769760132,165000,https://www.zillow.com/homedetails/7108-N-48th-Dr-Glendale-AZ-85301/7725859_zpid/,33.5397,-112.164,2017-08-29,2017-08-29,168000,True
639839,22230629,"608 W Kilarea Ave, Mesa, AZ 85210 ",85210,0.5868123769760132,258000,https://www.zillow.com/homedetails/608-W-Kilarea-Ave-Mesa-AZ-85210/8170218_zpid/,33.3757,-111.847,2017-06-29,2017-06-29,260000,True
644477,22105150,"2218 W Olla Cir, Mesa, AZ 85202 ",85202,0.5868123769760132,225000,https://www.zillow.com/homedetails/2218-W-Olla-Cir-Mesa-AZ-85202/8170806_zpid/,33.3635,-111.881,2017-06-23,2017-06-23,227000,True
7513744,22140834,"4730 E Angela Dr, Phoenix, AZ 85032 ",85032,0.5868123769760132,264900,https://www.zillow.com/homedetails/4730-E-Angela-Dr-Phoenix-AZ-85032/8019126_zpid/,33.6468,-111.979,2017-05-14,2017-05-14,256000,True
7406871,19955857,"3532 E Thunderbird Rd, Phoenix, AZ 85032 ",85032,0.5868123769760132,255000,https://www.zillow.com/homedetails/3532-E-Thunderbird-Rd-Phoenix-AZ-85032/8011981_zpid/,33.6136,-112.006,2017-04-27,2017-04-27,255000,True
271191,22078760,"7609 E Vista Dr, Scottsdale, AZ 85250 ",85250,0.5868123769760132,320000,http://www.zillow.com/homedetails/7609-E-Vista-Dr-Scottsdale-AZ-85250/7852442_zpid/,33.5133,-111.917,2017-06-19,2017-06-19,315000,True
425299,22730833,"3031 N 81st Ave, Phoenix, AZ 85033 ",85033,0.5868123769760132,119900,https://www.zillow.com/homedetails/3031-N-81st-Ave-Phoenix-AZ-85033/7479465_zpid/,33.4829,-112.233,2017-09-30,2017-09-30,117000,True
7453007,22033189,"4338 E Greenway Ln, Phoenix, AZ 85032 ",85032,0.5868123769760132,315000,https://www.zillow.com/homedetails/4338-E-Greenway-Ln-Phoenix-AZ-85032/8029836_zpid/,33.6249,-111.987,2017-06-23,2017-06-23,320000,True
7451521,22102756,"15826 S 32nd Pl, Phoenix, AZ 85048 ",85048,0.5868123769760132,334900,https://www.zillow.com/homedetails/15826-S-32nd-Pl-Phoenix-AZ-85048/8257387_zpid/,33.3022,-112.014,2017-06-22,2017-06-22,330000,True
345909,22262250,"5313 W Raymond St, Phoenix, AZ 85043 ",85043,0.5868123769760132,150000,https://www.zillow.com/homedetails/5313-W-Raymond-St-Phoenix-AZ-85043/67788825_zpid/,33.4148,-112.174,2017-07-05,2017-07-05,150000,True
7491962,22092652,"3915 W Roundabout Cir, Chandler, AZ 85226 ",85226,0.5868123769760132,309500,https://www.zillow.com/homedetails/3915-W-Roundabout-Cir-Chandler-AZ-85226/67793434_zpid/,33.3213,-111.909,2017-06-08,2017-06-08,298000,True
7492351,22128226,"113 N Sycamore, Mesa, AZ 85201 ",85201,0.5868123769760132,205000,https://www.zillow.com/homedetails/113-N-Sycamore-Mesa-AZ-85201/7612546_zpid/,33.417,-111.87,2017-06-13,2017-06-13,205000,True
7443252,22168745,"14011 N 10th Pl, Phoenix, AZ 85022 ",85022,0.5868123769760132,349000,https://www.zillow.com/homedetails/14011-N-10th-Pl-Phoenix-AZ-85022/59266728_zpid/,33.6137,-112.06,2017-05-15,2017-05-15,340000,True
7493791,22034742,"4806 E Villa Theresa Dr, Scottsdale, AZ 85254 ",85254,0.5868123769760132,385000,https://www.zillow.com/homedetails/4806-E-Villa-Theresa-Dr-Scottsdale-AZ-85254/8031445_zpid/,33.6551,-111.977,2017-06-15,2017-06-15,385000,True
313313,22566539,"1450 E Sheridan St, Phoenix, AZ 85006 ",85006,0.5868123769760132,209000,https://www.zillow.com/homedetails/1450-E-Sheridan-St-Phoenix-AZ-85006/7532465_zpid/,33.475,-112.05,2017-08-23,2017-08-23,209000,True
991747,22133088,"1590 S Sycamore Pl, Chandler, AZ 85286 ",85286,0.5868123769760132,315000,https://www.zillow.com/homedetails/1590-S-Sycamore-Pl-Chandler-AZ-85286/8208469_zpid/,33.2836,-111.869,2017-06-22,2017-06-22,310000,True
310652,22529005,"1053 W Taylor St, Phoenix, AZ 85007 ",85007,0.5868123769760132,213000,https://www.zillow.com/homedetails/1053-W-Taylor-St-Phoenix-AZ-85007/7521800_zpid/,33.454,-112.088,2017-08-18,2017-08-18,212000,True
7438010,22032231,"4116 E Joan De Arc Ave, Phoenix, AZ 85032 ",85032,0.5868123769760132,208000,https://www.zillow.com/homedetails/4116-E-Joan-De-Arc-Ave-Phoenix-AZ-85032/7823229_zpid/,33.6096,-111.993,2017-05-04,2017-05-04,208000,True
291561,22179910,"4115 E Montecito Ave, Phoenix, AZ 85018 ",85018,0.5868123769760132,399000,https://www.zillow.com/homedetails/4115-E-Montecito-Ave-Phoenix-AZ-85018/7836228_zpid/,33.4992,-111.993,2017-06-27,2017-06-27,394500,True
287468,22163817,"4013 E Altadena Ave, Phoenix, AZ 85028 ",85028,0.5868123769760132,318000,https://www.zillow.com/homedetails/4013-E-Altadena-Ave-Phoenix-AZ-85028/7826286_zpid/,33.5932,-111.995,2017-06-21,2017-06-21,318000,True
286704,22116104,"3535 E Cortez St, Phoenix, AZ 85028 ",85028,0.5868123769760132,269500,https://www.zillow.com/homedetails/3535-E-Cortez-St-Phoenix-AZ-85028/7817588_zpid/,33.5919,-112.005,2017-05-09,2017-05-09,259500,True
286650,22069961,"3521 E Cannon Dr, Phoenix, AZ 85028 ",85028,0.5868123769760132,360000,https://www.zillow.com/homedetails/3521-E-Cannon-Dr-Phoenix-AZ-85028/7813144_zpid/,33.5818,-112.006,2017-06-13,2017-06-13,345000,True
420230,22609597,"5712 W Laurie Ln, Glendale, AZ 85302 ",85302,0.5868123769760132,249900,https://www.zillow.com/homedetails/5712-W-Laurie-Ln-Glendale-AZ-85302/7733069_zpid/,33.5592,-112.183,2017-08-31,2017-08-31,249900,True
7497636,22174730,"5206 E Coronado Cir, Phoenix, AZ 85044 ",85044,0.5868123769760132,209900,https://www.zillow.com/homedetails/5206-E-Coronado-Cir-Phoenix-AZ-85044/8148576_zpid/,33.3388,-111.973,2017-06-08,2017-06-08,207000,True
281121,21811773,"10222 N 34th Pl, Phoenix, AZ 85028 ",85028,0.5868123769760132,379000,https://www.zillow.com/homedetails/10222-N-34th-Pl-Phoenix-AZ-85028/7813103_zpid/,33.5798,-112.008,2017-06-09,2017-06-09,375000,True
7436655,22033937,"4524 E Hearn Rd, Phoenix, AZ 85032 ",85032,0.5868123769760132,337450,https://www.zillow.com/homedetails/4524-E-Hearn-Rd-Phoenix-AZ-85032/8029075_zpid/,33.6159,-111.984,2017-05-24,2017-05-24,330000,True
1345641,22726842,"4750 W Palmaire Ave, Glendale, AZ 85301 ",85301,0.5868123769760132,89900,https://www.zillow.com/homedetails/4750-W-Palmaire-Ave-Glendale-AZ-85301/7725937_zpid/,33.5406,-112.162,2017-09-27,2017-09-27,89900,True
7482588,22246650,"13472 N 102nd Pl, Scottsdale, AZ 85260 ",85260,0.5868123769760132,365000,https://www.zillow.com/homedetails/13472-N-102nd-Pl-Scottsdale-AZ-85260/8060347_zpid/,33.6084,-111.862,2017-07-03,2017-07-03,355000,True
1199763,22045774,"954 W Redondo Dr, Gilbert, AZ 85233 ",85233,0.5868123769760132,189000,https://www.zillow.com/homedetails/954-W-Redondo-Dr-Gilbert-AZ-85233/8181100_zpid/,33.335,-111.812,2017-06-20,2017-06-20,189000,True
8959001,22033584,"4431 E Annette Dr, Phoenix, AZ 85032 ",85032,0.5868123769760132,260000,https://www.zillow.com/homedetails/4431-E-Annette-Dr-Phoenix-AZ-85032/8017176_zpid/,33.6543,-111.985,2017-06-23,2017-06-23,255000,True
8954950,21812043,"3949 E Shangri La Rd, Phoenix, AZ 85028 ",85028,0.5868123769760132,339900,https://www.zillow.com/homedetails/3949-E-Shangri-La-Rd-Phoenix-AZ-85028/7821207_zpid/,33.5875,-111.996,2017-06-14,2017-06-14,332000,True
1116473,22237097,"1804 W Temple St, Chandler, AZ 85224 ",85224,0.5868123769760132,275000,https://www.zillow.com/homedetails/1804-W-Temple-St-Chandler-AZ-85224/8193865_zpid/,33.3332,-111.873,2017-06-27,2017-06-27,275000,True
1181150,22054642,"1502 W Antiqua Dr, Gilbert, AZ 85233 ",85233,0.5868123769760132,339900,https://www.zillow.com/homedetails/1502-W-Antiqua-Dr-Gilbert-AZ-85233/8178081_zpid/,33.3396,-111.823,2017-06-22,2017-06-22,340000,True
148989,22080409,"8009 E Earll Dr, Scottsdale, AZ 85251 ",85251,0.5868123769760132,365000,https://www.zillow.com/homedetails/8009-E-Earll-Dr-Scottsdale-AZ-85251/7575049_zpid/,33.484,-111.908,2017-06-13,2017-06-13,360000,True
8957541,22649476,"7309 W Cherry Hills Dr, Peoria, AZ 85345 ",85345,0.5868123769760132,269900,https://www.zillow.com/homedetails/7309-W-Cherry-Hills-Dr-Peoria-AZ-85345/7700254_zpid/,33.5932,-112.216,2017-09-09,2017-09-09,272700,True
141513,22056798,"3037 N 87th Way, Scottsdale, AZ 85251 ",85251,0.5868123769760132,368400,https://www.zillow.com/homedetails/3037-N-87th-Way-Scottsdale-AZ-85251/7575669_zpid/,33.483000000000004,-111.892,2017-06-06,2017-06-06,350000,True
1108480,22016787,"1137 N Apollo Dr, Chandler, AZ 85224 ",85224,0.5868123769760132,295000,https://www.zillow.com/homedetails/1137-N-Apollo-Dr-Chandler-AZ-85224/8203765_zpid/,33.3232,-111.874,2017-06-22,2017-06-22,295000,True
8958990,21812033,"3531 E Campo Bello Dr, Phoenix, AZ 85032 ",85032,0.5868123769760132,234900,https://www.zillow.com/homedetails/3531-E-Campo-Bello-Dr-Phoenix-AZ-85032/7998169_zpid/,33.6441,-112.005,2017-05-27,2017-05-27,185000,False
1098645,22179161,"952 W Saragosa St, Chandler, AZ 85225 ",85225,0.5868123769760132,269999,https://www.zillow.com/homedetails/952-W-Saragosa-St-Chandler-AZ-85225/8206939_zpid/,33.2948,-111.858,2017-06-14,2017-06-14,265000,True
1097058,22133191,"897 E Baylor Ln, Chandler, AZ 85225 ",85225,0.5868123769760132,263500,https://www.zillow.com/homedetails/897-E-Baylor-Ln-Chandler-AZ-85225/8182639_zpid/,33.324,-111.827,2017-06-21,2017-06-21,271000,True
46491,22108660,"16024 S 45th Pl, Phoenix, AZ 85048 ",85048,0.5868123769760132,285000,https://www.zillow.com/homedetails/16024-S-45th-Pl-Phoenix-AZ-85048/8259737_zpid/,33.3008,-111.986,2017-06-17,2017-06-17,282000,True
8959074,21813324,"1730 W Cortez Cir, Chandler, AZ 85224 ",85224,0.5868123769760132,249900,https://www.zillow.com/homedetails/1730-W-Cortez-Cir-Chandler-AZ-85224/8191646_zpid/,33.3561,-111.874,2017-06-13,2017-06-13,245000,True
8953605,21812049,"4375 E Morrow Dr, Phoenix, AZ 85050 ",85050,0.5868123769760132,309999,https://www.zillow.com/homedetails/4375-E-Morrow-Dr-Phoenix-AZ-85050/81981099_zpid/,33.6576,-111.985,2017-06-13,2017-06-13,300000,True
33010,22623456,"922 S 2ND Ave, Phoenix, AZ 85003 ",85003,0.5868123769760132,117500,https://www.zillow.com/homedetails/922-S-2ND-Ave-Phoenix-AZ-85003/7522840_zpid/,33.4382,-112.077,2017-09-02,2017-09-02,120000,True
8959702,22271205,"4019 W Campo Bello Dr, Glendale, AZ 85308 ",85308,0.5868123769760132,250000,https://www.zillow.com/homedetails/4019-W-Campo-Bello-Dr-Glendale-AZ-85308/7946814_zpid/,33.6435,-112.146,2017-07-06,2017-07-06,255000,True
1088495,22035394,"507 W Cheyenne Dr, Chandler, AZ 85225 ",85225,0.5868123769760132,294000,https://www.zillow.com/homedetails/507-W-Cheyenne-Dr-Chandler-AZ-85225/8177107_zpid/,33.3476,-111.85,2017-06-21,2017-06-21,290000,True
984494,21966224,"1031 S Maverick St, Chandler, AZ 85286 ",85286,0.5868123769760132,249900,http://www.zillow.com/homedetails/1031-S-Maverick-St-Chandler-AZ-85286/88795403_zpid,33.291,-111.833,2017-06-12,2017-06-12,251000,True
8961823,22557670,"9413 N 71st Ave, Peoria, AZ 85345 ",85345,0.5868123769760132,180000,https://www.zillow.com/homedetails/9413-N-71st-Ave-Peoria-AZ-85345/7702735_zpid/,33.5675,-112.212,2017-08-22,2017-08-22,182000,True
8977882,22747359,"4328 W Yucca St, Glendale, AZ 85304 ",85304,0.5868123769760132,246500,https://www.zillow.com/homedetails/4328-W-Yucca-St-Glendale-AZ-85304/7727810_zpid/,33.5879,-112.153,2017-09-28,2017-09-28,239500,True
13502,21672494,"11820 N 29th Pl, Phoenix, AZ 85028 ",85028,0.5868123769760132,400000,http://www.zillow.com/homedetails/11820-N-29th-Pl-Phoenix-AZ-85028/7816944_zpid/,33.5943,-112.019,2017-05-01,2017-05-01,385000,True
987137,22127744,"1242 S Bridger Dr, Chandler, AZ 85286 ",85286,0.5868123769760132,220999,https://www.zillow.com/homedetails/1242-S-Bridger-Dr-Chandler-AZ-85286/8209270_zpid/,33.288000000000004,-111.831,2017-06-26,2017-06-26,224000,True
9001896,22683227,"7008 W Cinnabar Ave, Peoria, AZ 85345 ",85345,0.5868123769760132,205000,https://www.zillow.com/homedetails/7008-W-Cinnabar-Ave-Peoria-AZ-85345/7701757_zpid/,33.5765,-112.209,2017-09-12,2017-09-12,200000,True
9003402,22618330,"9502 W Indian Hills Dr, Sun City, AZ 85351 ",85351,0.5868123769760132,199900,https://www.zillow.com/homedetails/9502-W-Indian-Hills-Dr-Sun-City-AZ-85351/7921781_zpid/,33.6218,-112.264,2017-09-02,2017-09-02,190000,True
987588,21967181,"1283 S Anvil Pl, Chandler, AZ 85286 ",85286,0.5868123769760132,234900,https://www.zillow.com/homedetails/1283-S-Anvil-Pl-Chandler-AZ-85286/8209313_zpid/,33.2867,-111.83,2017-06-21,2017-06-21,230000,True
156145,22119887,"4902 E Hearn Rd, Scottsdale, AZ 85254 ",85254,0.5868123769760132,400000,https://www.zillow.com/homedetails/4902-E-Hearn-Rd-Scottsdale-AZ-85254/8028633_zpid/,33.6154,-111.976,2017-04-27,2017-04-27,394000,True
1113294,22085560,"1525 W Loughlin Dr, Chandler, AZ 85224 ",85224,0.5868123769760132,239500,https://www.zillow.com/homedetails/1525-W-Loughlin-Dr-Chandler-AZ-85224/8176615_zpid/,33.346,-111.868,2017-06-23,2017-06-23,237500,True
167526,22215322,"5537 E Blanche Dr, Scottsdale, AZ 85254 ",85254,0.5868123769760132,399000,https://www.zillow.com/homedetails/5537-E-Blanche-Dr-Scottsdale-AZ-85254/8028043_zpid/,33.6235,-111.961,2017-05-25,2017-05-25,395000,True
1127324,22056640,"2908 N Central Dr, Chandler, AZ 85224 ",85224,0.5868123769760132,257900,https://www.zillow.com/homedetails/2908-N-Central-Dr-Chandler-AZ-85224/8199292_zpid/,33.3487,-111.867,2017-06-23,2017-06-23,245000,False
1117190,22160729,"1911 N Brentwood Pl, Chandler, AZ 85224 ",85224,0.5868123769760132,290000,https://www.zillow.com/homedetails/1911-N-Brentwood-Pl-Chandler-AZ-85224/8193704_zpid/,33.3344,-111.872,2017-06-22,2017-06-22,290000,True
168237,22230631,"7407 E Taylor St, Scottsdale, AZ 85257 ",85257,0.5868123769760132,304950,https://www.zillow.com/homedetails/7407-E-Taylor-St-Scottsdale-AZ-85257/7582304_zpid/,33.4526,-111.922,2017-06-26,2017-06-26,297500,True
187724,22115724,"3339 E Windsong Dr, Phoenix, AZ 85048 ",85048,0.5868123769760132,334900,https://www.zillow.com/homedetails/3339-E-Windsong-Dr-Phoenix-AZ-85048/8255869_zpid/,33.295,-112.011,2017-06-15,2017-06-15,334900,True
179333,22229177,"6801 E Aire Libre Ln, Scottsdale, AZ 85254 ",85254,0.5868123769760132,299900,https://www.zillow.com/homedetails/6801-E-Aire-Libre-Ln-Scottsdale-AZ-85254/8024299_zpid/,33.6368,-111.934,2017-06-29,2017-06-29,299900,True
168175,22123949,"7401 E Holly St, Scottsdale, AZ 85257 ",85257,0.5868123769760132,349800,https://www.zillow.com/homedetails/7401-E-Holly-St-Scottsdale-AZ-85257/7579320_zpid/,33.4706,-111.922,2017-06-20,2017-06-20,349800,True
8950800,22069533,"2501 N Nebraska St, Chandler, AZ 85225 ",85225,0.5868123769760132,189000,https://www.zillow.com/homedetails/2501-N-Nebraska-St-Chandler-AZ-85225/8177416_zpid/,33.3425,-111.845,2017-06-15,2017-06-15,195000,True
173621,22176863,"8326 E Hubbell St, Scottsdale, AZ 85257 ",85257,0.5868123769760132,399000,https://www.zillow.com/homedetails/8326-E-Hubbell-St-Scottsdale-AZ-85257/7581660_zpid/,33.4697,-111.902,2017-06-08,2017-06-08,396000,True
1116872,22017021,"1821 N Apache Dr, Chandler, AZ 85224 ",85224,0.5868123769760132,262000,https://www.zillow.com/homedetails/1821-N-Apache-Dr-Chandler-AZ-85224/8193677_zpid/,33.3329,-111.862,2017-06-22,2017-06-22,253000,True
8949669,22033240,"4362 E Acoma Dr, Phoenix, AZ 85032 ",85032,0.5868123769760132,315000,https://www.zillow.com/homedetails/4362-E-Acoma-Dr-Phoenix-AZ-85032/8029653_zpid/,33.6193,-111.987,2017-05-19,2017-05-19,315500,True
187981,22183645,"3630 E Long Lake Rd, Phoenix, AZ 85048 ",85048,0.5868123769760132,329900,https://www.zillow.com/homedetails/3630-E-Long-Lake-Rd-Phoenix-AZ-85048/8163227_zpid/,33.3048,-112.004,2017-06-26,2017-06-26,312000,False
179753,22039844,"6853 E Kathleen Rd, Scottsdale, AZ 85254 ",85254,0.5868123769760132,349000,https://www.zillow.com/homedetails/6853-E-Kathleen-Rd-Scottsdale-AZ-85254/8024335_zpid/,33.6357,-111.932,2017-06-02,2017-06-02,340000,True
1129836,22154255,"541 S Karen Dr, Chandler, AZ 85224 ",85224,0.5868123769760132,294900,https://www.zillow.com/homedetails/541-S-Karen-Dr-Chandler-AZ-85224/8207850_zpid/,33.296,-111.86,2017-06-09,2017-06-09,290000,True
1356714,21879281,"7327 N 48th Ave, Glendale, AZ 85301 ",85301,0.578797459602356,192000,http://www.zillow.com/homedetails/7327-N-48th-Ave-Glendale-AZ-85301/7725806_zpid,33.5445,-112.162,2017-06-22,2017-06-22,188000,True
399058,22077183,"934 W Sahuaro Dr, Phoenix, AZ 85029 ",85029,0.578797459602356,209900,https://www.zillow.com/homedetails/934-W-Sahuaro-Dr-Phoenix-AZ-85029/7785161_zpid/,33.5843,-112.085,2017-06-20,2017-06-20,205000,True
7448554,21929983,"16325 N 73rd Dr, Peoria, AZ 85382 ",85382,0.578797459602356,289900,https://www.zillow.com/homedetails/16325-N-73rd-Dr-Peoria-AZ-85382/95167141_zpid/,33.6335,-112.216,2017-06-14,2017-06-14,280000,True
485120,20685157,"2849 N 52nd Ave, Phoenix, AZ 85035 ",85035,0.578797459602356,169000,https://www.zillow.com/homedetails/2849-N-52nd-Ave-Phoenix-AZ-85035/7499604_zpid/,33.4797,-112.171,2017-06-03,2017-06-03,169000,True
393543,22032863,"4265 W Townley Ave, Phoenix, AZ 85051 ",85051,0.578797459602356,175000,https://www.zillow.com/homedetails/4265-W-Townley-Ave-Phoenix-AZ-85051/7754709_zpid/,33.5655,-112.151,2017-06-23,2017-06-23,165000,False
394680,22105334,"3633 W Yucca St, Phoenix, AZ 85029 ",85029,0.578797459602356,214000,https://www.zillow.com/homedetails/3633-W-Yucca-St-Phoenix-AZ-85029/7743465_zpid/,33.5873,-112.137,2017-06-26,2017-06-26,214000,True
7450238,21999606,"2730 E Valencia Dr, Phoenix, AZ 85042 ",85042,0.578797459602356,237500,https://www.zillow.com/homedetails/2730-E-Valencia-Dr-Phoenix-AZ-85042/8140280_zpid/,33.3772,-112.024,2017-06-02,2017-06-02,236000,True
390336,22092848,"4015 W Hatcher Rd, Phoenix, AZ 85051 ",85051,0.578797459602356,239900,https://www.zillow.com/homedetails/4015-W-Hatcher-Rd-Phoenix-AZ-85051/7746483_zpid/,33.5721,-112.145,2017-06-18,2017-06-18,235000,True
1346878,21984549,"4922 W Ocotillo Rd, Glendale, AZ 85301 ",85301,0.578797459602356,179900,https://www.zillow.com/homedetails/4922-W-Ocotillo-Rd-Glendale-AZ-85301/7722430_zpid/,33.5354,-112.166,2017-06-13,2017-06-13,184900,True
386123,22236904,"1913 W Joan De Arc Ave, Phoenix, AZ 85029 ",85029,0.578797459602356,205000,https://www.zillow.com/homedetails/1913-W-Joan-De-Arc-Ave-Phoenix-AZ-85029/7749627_zpid/,33.6075,-112.1,2017-06-12,2017-06-12,205000,True
382560,22016845,"12640 N 16th Dr, Phoenix, AZ 85029 ",85029,0.578797459602356,300000,https://www.zillow.com/homedetails/12640-N-16th-Dr-Phoenix-AZ-85029/7788968_zpid/,33.6015,-112.094,2017-06-20,2017-06-20,305500,True
379972,20726808,"2809 W State Ave, Phoenix, AZ 85051 ",85051,0.578797459602356,340000,https://www.zillow.com/homedetails/2809-W-State-Ave-Phoenix-AZ-85051/7755987_zpid/,33.5442,-112.119,2017-06-02,2017-06-02,289500,False
1466642,21930148,"17471 N 91st Dr, Peoria, AZ 85382 ",85382,0.578797459602356,264900,https://www.zillow.com/homedetails/17471-N-91st-Dr-Peoria-AZ-85382/95156135_zpid/,33.6425,-112.255,2017-06-23,2017-06-23,262000,True
411313,21985369,"5166 W Sunnyside Dr, Glendale, AZ 85304 ",85304,0.578797459602356,179000,https://www.zillow.com/homedetails/5166-W-Sunnyside-Dr-Glendale-AZ-85304/60556431_zpid/,33.593,-112.17,2017-06-02,2017-06-02,172500,True
1884110,21971328,"19310 N 77th Ave, Glendale, AZ 85308 ",85308,0.578797459602356,295000,https://www.zillow.com/homedetails/19310-N-77th-Ave-Glendale-AZ-85308/8101515_zpid/,33.6596,-112.224,2017-06-09,2017-06-09,295000,True
531280,21958276,"5440 W Coles Rd, Laveen, AZ 85339 ",85339,0.578797459602356,315000,https://www.zillow.com/homedetails/5440-W-Coles-Rd-Laveen-AZ-85339/71621658_zpid/,33.3696,-112.177,2017-06-08,2017-06-08,315000,True
480406,21997886,"2239 N 53rd Ave, Phoenix, AZ 85035 ",85035,0.578797459602356,159999,https://www.zillow.com/homedetails/2239-N-53rd-Ave-Phoenix-AZ-85035/7493477_zpid/,33.473,-112.174,2017-06-16,2017-06-16,167500,True
411770,21985653,"5301 W Surrey Ave, Glendale, AZ 85304 ",85304,0.578797459602356,295000,https://www.zillow.com/homedetails/5301-W-Surrey-Ave-Glendale-AZ-85304/7911284_zpid/,33.6047,-112.173,2017-06-07,2017-06-07,290000,True
414384,21988718,"6403 W Desert Cove Ave, Glendale, AZ 85304 ",85304,0.578797459602356,195000,https://www.zillow.com/homedetails/6403-W-Desert-Cove-Ave-Glendale-AZ-85304/7699053_zpid/,33.5853,-112.197,2017-06-07,2017-06-07,195000,True
502086,22116337,"3630 N 48th Ave, Phoenix, AZ 85031 ",85031,0.578797459602356,120000,https://www.zillow.com/homedetails/3630-N-48th-Ave-Phoenix-AZ-85031/7508649_zpid/,33.4913,-112.163,2017-06-16,2017-06-16,125000,True
7381594,22068177,"3817 N 79th Dr, Phoenix, AZ 85033 ",85033,0.578797459602356,144900,http://www.zillow.com/homedetails/3817-N-79th-Dr-Phoenix-AZ-85033/7478766_zpid/,33.4914,-112.229,2017-06-22,2017-06-22,146000,True
7381647,22166643,"8123 W Indianola Ave, Phoenix, AZ 85033 ",85033,0.578797459602356,168000,https://www.zillow.com/homedetails/8123-W-Indianola-Ave-Phoenix-AZ-85033/7479080_zpid/,33.4901,-112.234,2017-06-09,2017-06-09,170000,True
435323,22069317,"2103 N Rascon Loop, Phoenix, AZ 85037 ",85037,0.578797459602356,269900,https://www.zillow.com/homedetails/2103-N-Rascon-Loop-Phoenix-AZ-85037/60046966_zpid/,33.4705,-112.259,2017-06-14,2017-06-14,272000,True
834771,22002011,"3526 W Pierson St, Phoenix, AZ 85019 ",85019,0.578797459602356,125000,https://www.zillow.com/homedetails/3526-W-Pierson-St-Phoenix-AZ-85019/7506783_zpid/,33.5071,-112.135,2017-06-22,2017-06-22,104900,False
7405498,22154993,"6225 N 20th Ln, Phoenix, AZ 85015 ",85015,0.578797459602356,219900,https://www.zillow.com/homedetails/6225-N-20th-Ln-Phoenix-AZ-85015/7773365_zpid/,33.5287,-112.103,2017-06-02,2017-06-02,202000,False
487094,22105432,"4924 W Virginia Ave, Phoenix, AZ 85035 ",85035,0.578797459602356,149900,https://www.zillow.com/homedetails/4924-W-Virginia-Ave-Phoenix-AZ-85035/7494093_zpid/,33.4767,-112.166,2017-06-26,2017-06-26,155000,True
486962,21816415,"4913 W Wilshire Dr, Phoenix, AZ 85035 ",85035,0.578797459602356,123000,https://www.zillow.com/homedetails/4913-W-Wilshire-Dr-Phoenix-AZ-85035/7494121_zpid/,33.4756,-112.166,2017-06-07,2017-06-07,130500,True
486045,22034459,"4726 W Hubbell St, Phoenix, AZ 85035 ",85035,0.578797459602356,159900,https://www.zillow.com/homedetails/4726-W-Hubbell-St-Phoenix-AZ-85035/7494670_zpid/,33.4701,-112.161,2017-06-23,2017-06-23,164000,True
705038,22016963,"16401 N 11th St, Phoenix, AZ 85022 ",85022,0.578797459602356,325000,https://www.zillow.com/homedetails/16401-N-11th-St-Phoenix-AZ-85022/8003394_zpid/,33.635,-112.058,2017-06-22,2017-06-22,315000,True
503131,22172160,"2829 W Marshall Ave, Phoenix, AZ 85017 ",85017,0.578797459602356,189000,https://www.zillow.com/homedetails/2829-W-Marshall-Ave-Phoenix-AZ-85017/7763996_zpid/,33.5173,-112.121,2017-06-13,2017-06-13,175000,False
1912,22134690,"1759 W Rovey Ave, Phoenix, AZ 85015 ",85015,0.578797459602356,310000,https://www.zillow.com/homedetails/1759-W-Rovey-Ave-Phoenix-AZ-85015/7774308_zpid/,33.5247,-112.098,2017-06-06,2017-06-06,295500,True
221415,22127309,"9805 N 2nd Pl, Phoenix, AZ 85020 ",85020,0.578797459602356,189500,https://www.zillow.com/homedetails/9805-N-2nd-Pl-Phoenix-AZ-85020/7788415_zpid/,33.5754,-112.071,2017-06-13,2017-06-13,184000,True
285059,22113924,"2801 E Mercer Ln, Phoenix, AZ 85028 ",85028,0.578797459602356,348800,https://www.zillow.com/homedetails/2801-E-Mercer-Ln-Phoenix-AZ-85028/7819287_zpid/,33.5862,-112.022,2017-06-08,2017-06-08,348800,True
8957555,21963279,"8961 W Fargo Dr, Peoria, AZ 85382 ",85382,0.578797459602356,285000,https://www.zillow.com/homedetails/8961-W-Fargo-Dr-Peoria-AZ-85382/7903422_zpid/,33.6291,-112.251,2017-06-23,2017-06-23,282500,True
8957079,21959680,"7049 W Brown St, Peoria, AZ 85345 ",85345,0.578797459602356,195000,https://www.zillow.com/homedetails/7049-W-Brown-St-Peoria-AZ-85345/7701748_zpid/,33.5772,-112.211,2017-06-09,2017-06-09,195000,True
8945126,21963427,"9020 W Mountain View Rd, Peoria, AZ 85345 ",85345,0.578797459602356,194900,https://www.zillow.com/homedetails/9020-W-Mountain-View-Rd-Peoria-AZ-85345/7684201_zpid/,33.5739,-112.254,2017-06-15,2017-06-15,190000,True
8956728,22128116,"9567 W Sunnyslope Ln, Peoria, AZ 85345 ",85345,0.578797459602356,178000,https://www.zillow.com/homedetails/9567-W-Sunnyslope-Ln-Peoria-AZ-85345/7697874_zpid/,33.5693,-112.266,2017-06-09,2017-06-09,178000,True
254272,22077920,"3861 W Acapulco Ln, Phoenix, AZ 85053 ",85053,0.578797459602356,167700,https://www.zillow.com/homedetails/3861-W-Acapulco-Ln-Phoenix-AZ-85053/7944095_zpid/,33.6233,-112.142,2017-06-16,2017-06-16,165000,True
8953503,22184245,"3919 W Edgemont Ave, Phoenix, AZ 85009 ",85009,0.578797459602356,159900,https://www.zillow.com/homedetails/3919-W-Edgemont-Ave-Phoenix-AZ-85009/7512806_zpid/,33.4788,-112.144,2017-06-15,2017-06-15,162500,True
8952032,21957456,"17793 N 89th Ln, Peoria, AZ 85382 ",85382,0.578797459602356,235000,https://www.zillow.com/homedetails/17793-N-89th-Ln-Peoria-AZ-85382/81952655_zpid/,33.645,-112.252,2017-06-11,2017-06-11,235000,True
8952003,22214918,"11625 N 80th Dr, Peoria, AZ 85345 ",85345,0.578797459602356,100000,https://www.zillow.com/homedetails/11625-N-80th-Dr-Peoria-AZ-85345/7681012_zpid/,33.5904,-112.232,2017-06-28,2017-06-28,102000,True
7852323,21963387,"9016 W Charleston Ave, Peoria, AZ 85382 ",85382,0.578797459602356,289900,https://www.zillow.com/homedetails/9016-W-Charleston-Ave-Peoria-AZ-85382/8105057_zpid/,33.6467,-112.254,2017-06-20,2017-06-20,281500,True
231147,22110108,"18617 N 5th Ave, Phoenix, AZ 85027 ",85027,0.578797459602356,214900,https://www.zillow.com/homedetails/18617-N-5th-Ave-Phoenix-AZ-85027/7972597_zpid/,33.6556,-112.08,2017-06-11,2017-06-11,189000,False
8041580,22196546,"4532 N 69th Ave, Phoenix, AZ 85033 ",85033,0.578797459602356,167000,https://www.zillow.com/homedetails/4532-N-69th-Ave-Phoenix-AZ-85033/7716831_zpid/,33.5033,-112.207,2017-06-02,2017-06-02,167000,True
220867,22100006,"911 E State Ave, Phoenix, AZ 85020 ",85020,0.578797459602356,300000,https://www.zillow.com/homedetails/911-E-State-Ave-Phoenix-AZ-85020/67083976_zpid/,33.5439,-112.062,2017-06-17,2017-06-17,285000,True
8799151,21958021,"5107 W Glass Ln, Laveen, AZ 85339 ",85339,0.578797459602356,205000,https://www.zillow.com/homedetails/5107-W-Glass-Ln-Laveen-AZ-85339/67789279_zpid/,33.3843,-112.169,2017-06-15,2017-06-15,205000,True
8877098,22224714,"4408 N 66th Dr, Phoenix, AZ 85033 ",85033,0.578797459602356,195000,https://www.zillow.com/homedetails/4408-N-66th-Dr-Phoenix-AZ-85033/7717137_zpid/,33.499,-112.202,2017-06-19,2017-06-19,194000,True
8947806,21964043,"9318 W Mcrae Way, Peoria, AZ 85382 ",85382,0.578797459602356,165000,https://www.zillow.com/homedetails/9318-W-Mcrae-Way-Peoria-AZ-85382/7893492_zpid/,33.653,-112.26,2017-06-08,2017-06-08,157000,True
203244,22245973,"9605 S 23rd Dr, Phoenix, AZ 85041 ",85041,0.578797459602356,279900,https://www.zillow.com/homedetails/9605-S-23rd-Dr-Phoenix-AZ-85041/95098616_zpid/,33.3594,-112.109,2017-07-03,2017-07-03,280000,True
8946370,22056430,"2720 E Paradise Ln, Phoenix, AZ 85032 ",85032,0.578797459602356,194700,https://www.zillow.com/homedetails/2720-E-Paradise-Ln-Phoenix-AZ-85032/8007604_zpid/,33.6332,-112.023,2017-06-20,2017-06-20,194700,True
201118,22123122,"7005 S 41st Dr, Phoenix, AZ 85041 ",85041,0.578797459602356,185000,https://www.zillow.com/homedetails/7005-S-41st-Dr-Phoenix-AZ-85041/60047567_zpid/,33.3828,-112.147,2017-06-14,2017-06-14,189000,True
199079,22240825,"5621 S 5th Dr, Phoenix, AZ 85041 ",85041,0.578797459602356,169000,https://www.zillow.com/homedetails/5621-S-5th-Dr-Phoenix-AZ-85041/55333628_zpid/,33.395,-112.08,2017-06-30,2017-06-30,169000,True
7498975,21963340,"9009 S 57th Dr, Laveen, AZ 85339 ",85339,0.578797459602356,245000,https://www.zillow.com/homedetails/9009-S-57th-Dr-Laveen-AZ-85339/82800929_zpid/,33.3646,-112.182,2017-06-06,2017-06-06,235000,True
8957072,21963958,"9240 W Ironwood Dr, Peoria, AZ 85345 ",85345,0.578797459602356,215000,https://www.zillow.com/homedetails/9240-W-Ironwood-Dr-Peoria-AZ-85345/7697488_zpid/,33.5742,-112.259,2017-06-14,2017-06-14,211000,True
7496644,22193273,"1821 E Beautiful Ln, Phoenix, AZ 85042 ",85042,0.578797459602356,325000,https://www.zillow.com/homedetails/1821-E-Beautiful-Ln-Phoenix-AZ-85042/60984937_zpid/,33.3759,-112.043,2017-06-12,2017-06-12,318000,True
352556,22069303,"21 E Muriel Dr, Phoenix, AZ 85022 ",85022,0.578797459602356,292000,https://www.zillow.com/homedetails/21-E-Muriel-Dr-Phoenix-AZ-85022/7959202_zpid/,33.6455,-112.073,2017-06-12,2017-06-12,290000,True
351686,21921581,"1953 E Wagoner Rd, Phoenix, AZ 85022 ",85022,0.578797459602356,274450,https://www.zillow.com/homedetails/1953-E-Wagoner-Rd-Phoenix-AZ-85022/8000506_zpid/,33.6531,-112.04,2017-06-20,2017-06-20,274000,True
26685,22125543,"8462 W Lewis Ave, Phoenix, AZ 85037 ",85037,0.578797459602356,159999,https://www.zillow.com/homedetails/8462-W-Lewis-Ave-Phoenix-AZ-85037/82823097_zpid/,33.4739,-112.242,2017-06-22,2017-06-22,158400,True
348516,21662801,"3415 W Monte Vista Rd, Phoenix, AZ 85009 ",85009,0.578797459602356,146000,https://www.zillow.com/homedetails/3415-W-Monte-Vista-Rd-Phoenix-AZ-85009/7511142_zpid/,33.471,-112.133,2017-06-05,2017-06-05,148500,True
292358,22213715,"1744 E San Juan Ave, Phoenix, AZ 85016 ",85016,0.578797459602356,365000,https://www.zillow.com/homedetails/1744-E-San-Juan-Ave-Phoenix-AZ-85016/7808945_zpid/,33.5187,-112.043,2017-06-11,2017-06-11,360000,True
7489339,22137518,"2017 W Eugie Ave, Phoenix, AZ 85029 ",85029,0.578797459602356,187000,https://www.zillow.com/homedetails/2017-W-Eugie-Ave-Phoenix-AZ-85029/7749561_zpid/,33.6079,-112.102,2017-06-11,2017-06-11,190000,True
354530,22131215,"2306 E Evans Dr, Phoenix, AZ 85022 ",85022,0.578797459602356,214900,https://www.zillow.com/homedetails/2306-E-Evans-Dr-Phoenix-AZ-85022/8010485_zpid/,33.6185,-112.035,2017-06-27,2017-06-27,209000,True
335021,22175650,"6620 N 20th Ave, Phoenix, AZ 85015 ",85015,0.578797459602356,179900,https://www.zillow.com/homedetails/6620-N-20th-Ave-Phoenix-AZ-85015/84147292_zpid/,33.5332,-112.102,2017-06-18,2017-06-18,176000,True
334520,21876468,"1610 W Morten Ave, Phoenix, AZ 85021 ",85021,0.578797459602356,355000,https://www.zillow.com/homedetails/1610-W-Morten-Ave-Phoenix-AZ-85021/7777301_zpid/,33.5485,-112.094,2017-06-21,2017-06-21,345000,True
355996,22179030,"730 E Michelle Dr, Phoenix, AZ 85022 ",85022,0.578797459602356,199500,https://www.zillow.com/homedetails/730-E-Michelle-Dr-Phoenix-AZ-85022/8002222_zpid/,33.6507,-112.064,2017-06-16,2017-06-16,193000,True
324457,22016951,"1606 W Clarendon Ave, Phoenix, AZ 85015 ",85015,0.578797459602356,295000,https://www.zillow.com/homedetails/1606-W-Clarendon-Ave-Phoenix-AZ-85015/7516434_zpid/,33.4915,-112.094,2017-06-20,2017-06-20,300000,True
8959705,21984446,"4901 W Villa Maria Dr, Glendale, AZ 85308 ",85308,0.578797459602356,249500,https://www.zillow.com/homedetails/4901-W-Villa-Maria-Dr-Glendale-AZ-85308/7949555_zpid/,33.6516,-112.165,2017-06-22,2017-06-22,249500,True
8024,22234712,"6298 W Wolf St, Phoenix, AZ 85033 ",85033,0.578797459602356,195000,https://www.zillow.com/homedetails/6298-W-Wolf-St-Phoenix-AZ-85033/7716236_zpid/,33.5047,-112.195,2017-06-30,2017-06-30,185000,False
1961,22088172,"2134 E Whitton Ave, Phoenix, AZ 85016 ",85016,0.578797459602356,315000,https://www.zillow.com/homedetails/2134-E-Whitton-Ave-Phoenix-AZ-85016/7539798_zpid/,33.4896,-112.035,2017-06-22,2017-06-22,305000,True
49114,22136693,"16642 S 24th Pl, Phoenix, AZ 85048 ",85048,0.578797459602356,348500,https://www.zillow.com/homedetails/16642-S-24th-Pl-Phoenix-AZ-85048/8257021_zpid/,33.2947,-112.032,2017-06-12,2017-06-12,330000,False
315137,22184232,"2018 N 15th Ave, Phoenix, AZ 85007 ",85007,0.578797459602356,289900,https://www.zillow.com/homedetails/2018-N-15th-Ave-Phoenix-AZ-85007/7520160_zpid/,33.4702,-112.092,2017-06-17,2017-06-17,284500,True
49405,22028147,"16671 S 24th Pl, Phoenix, AZ 85048 ",85048,0.578797459602356,340000,https://www.zillow.com/homedetails/16671-S-24th-Pl-Phoenix-AZ-85048/8257012_zpid/,33.2947,-112.031,2017-06-23,2017-06-23,351000,True
293319,22069187,"1906 E Mitchell Dr, Phoenix, AZ 85016 ",85016,0.578797459602356,299999,https://www.zillow.com/homedetails/1906-E-Mitchell-Dr-Phoenix-AZ-85016/7540264_zpid/,33.4886,-112.041,2017-06-26,2017-06-26,300000,True
354524,22214160,"2305 E Kelton Ln, Phoenix, AZ 85022 ",85022,0.578797459602356,230000,https://www.zillow.com/homedetails/2305-E-Kelton-Ln-Phoenix-AZ-85022/8005205_zpid/,33.6377,-112.033,2017-06-16,2017-06-16,220000,True
1087781,22077932,"459 W Jasper Dr, Chandler, AZ 85225 ",85225,0.5716676712036133,349900,https://www.zillow.com/homedetails/459-W-Jasper-Dr-Chandler-AZ-85225/8184337_zpid/,33.3258,-111.847,2017-06-01,2017-06-01,364900,True
7508680,22114921,"311 E Paseo Way, Phoenix, AZ 85042 ",85042,0.5716676712036133,199000,https://www.zillow.com/homedetails/311-E-Paseo-Way-Phoenix-AZ-85042/8133114_zpid/,33.3622,-112.07,2017-05-19,2017-05-19,187000,False
277878,21832812,"8347 E Keim Dr, Scottsdale, AZ 85250 ",85250,0.5716676712036133,234900,https://www.zillow.com/homedetails/8347-E-Keim-Dr-Scottsdale-AZ-85250/7856821_zpid/,33.5266,-111.9,2017-06-01,2017-06-01,220000,False
219601,22124926,"8141 N 11th St, Phoenix, AZ 85020 ",85020,0.5635775327682495,308000,https://www.zillow.com/homedetails/8141-N-11th-St-Phoenix-AZ-85020/7790238_zpid/,33.5564,-112.059,2017-06-01,2017-06-01,299000,True
8948907,22123724,"7310 W Devonshire Ave, Phoenix, AZ 85033 ",85033,0.5558885335922241,148000,https://www.zillow.com/homedetails/7310-W-Devonshire-Ave-Phoenix-AZ-85033/7711048_zpid/,33.4961,-112.217,2017-05-17,2017-05-17,150000,True
8947229,22128019,"6834 W Darrel Rd, Laveen, AZ 85339 ",85339,0.5558885335922241,255000,https://www.zillow.com/homedetails/6834-W-Darrel-Rd-Laveen-AZ-85339/64628549_zpid/,33.385,-112.206,2017-05-18,2017-05-18,255000,True
8946586,21964916,"9649 N 82nd Gln, Peoria, AZ 85345 ",85345,0.5558885335922241,184999,https://www.zillow.com/homedetails/9649-N-82nd-Gln-Peoria-AZ-85345/60978324_zpid/,33.5727,-112.237,2017-05-20,2017-05-20,182900,True
8951328,21960160,"7361 W Monte Cristo Ave, Peoria, AZ 85382 ",85382,0.5558885335922241,239000,https://www.zillow.com/homedetails/7361-W-Monte-Cristo-Ave-Peoria-AZ-85382/82827738_zpid/,33.6322,-112.217,2017-05-19,2017-05-19,241000,True
8952545,17959419,"2226 E Willetta St, Phoenix, AZ 85006 ",85006,0.5558885335922241,90000,https://www.zillow.com/homedetails/2226-E-Willetta-St-Phoenix-AZ-85006/7528657_zpid/,33.4642,-112.033,2017-05-23,2017-05-23,116000,True
1353251,21988328,"6225 W Mclellan Rd, Glendale, AZ 85301 ",85301,0.5558885335922241,164000,https://www.zillow.com/homedetails/6225-W-Mclellan-Rd-Glendale-AZ-85301/7707943_zpid/,33.533,-112.194,2017-05-28,2017-05-28,164000,True
8945222,21985319,"5161 W Campo Bello Dr, Glendale, AZ 85308 ",85308,0.5558885335922241,264999,https://www.zillow.com/homedetails/5161-W-Campo-Bello-Dr-Glendale-AZ-85308/8100326_zpid/,33.6426,-112.17,2017-05-06,2017-05-06,250000,False
7481337,22118853,"4419 W Lodge Dr, Laveen, AZ 85339 ",85339,0.5558885335922241,390000,https://www.zillow.com/homedetails/4419-W-Lodge-Dr-Laveen-AZ-85339/71602432_zpid/,33.3533,-112.155,2017-05-12,2017-05-12,380000,True
8944887,22176393,"7649 W Heatherbrae Dr, Phoenix, AZ 85033 ",85033,0.5558885335922241,170000,https://www.zillow.com/homedetails/7649-W-Heatherbrae-Dr-Phoenix-AZ-85033/7467734_zpid/,33.4975,-112.226,2017-05-18,2017-05-18,165000,True
8938463,21959196,"6816 W Burgess Ln, Laveen, AZ 85339 ",85339,0.5558885335922241,275000,https://www.zillow.com/homedetails/6816-W-Burgess-Ln-Laveen-AZ-85339/71604730_zpid/,33.3892,-112.206,2017-05-15,2017-05-15,365000,True
7475920,22100261,"930 E San Juan Ave, Phoenix, AZ 85014 ",85014,0.5558885335922241,385000,https://www.zillow.com/homedetails/930-E-San-Juan-Ave-Phoenix-AZ-85014/7800071_zpid/,33.5189,-112.061,2017-05-15,2017-05-15,360000,False
7474397,21986434,"5521 W Loma Ln, Glendale, AZ 85302 ",85302,0.5558885335922241,180000,https://www.zillow.com/homedetails/5521-W-Loma-Ln-Glendale-AZ-85302/7737965_zpid/,33.5539,-112.179,2017-05-30,2017-05-30,174000,True
7471273,22099068,"8243 W Osborn Rd, Phoenix, AZ 85033 ",85033,0.5558885335922241,179900,https://www.zillow.com/homedetails/8243-W-Osborn-Rd-Phoenix-AZ-85033/7479229_zpid/,33.4868,-112.237,2017-05-10,2017-05-10,180000,True
7487449,22239307,"4702 N 67th Ave, Phoenix, AZ 85033 ",85033,0.5558885335922241,140000,https://www.zillow.com/homedetails/4702-N-67th-Ave-Phoenix-AZ-85033/7716727_zpid/,33.5059,-112.204,2017-05-05,2017-05-05,141000,True
7447422,21994242,"16611 S 12th Ave, Phoenix, AZ 85045 ",85045,0.5558885335922241,384800,https://www.zillow.com/homedetails/16611-S-12th-Ave-Phoenix-AZ-85045/8284497_zpid/,33.2954,-112.087,2017-05-18,2017-05-18,381900,True
7446712,20721701,"3615 N 49th Ave, Phoenix, AZ 85031 ",85031,0.5558885335922241,162000,https://www.zillow.com/homedetails/3615-N-49th-Ave-Phoenix-AZ-85031/7508732_zpid/,33.4907,-112.164,2017-05-20,2017-05-20,163000,True
7496513,22218304,"1026 E Weldon Ave, Phoenix, AZ 85014 ",85014,0.5558885335922241,259900,https://www.zillow.com/homedetails/1026-E-Weldon-Ave-Phoenix-AZ-85014/7534473_zpid/,33.4905,-112.06,2017-05-09,2017-05-09,256000,True
7436165,21957666,"4341 W St Catherine Ave, Laveen, AZ 85339 ",85339,0.5558885335922241,209500,https://www.zillow.com/homedetails/4341-W-St-Catherine-Ave-Laveen-AZ-85339/67773725_zpid/,33.387,-112.153,2017-05-21,2017-05-21,209500,True
7429588,21986778,"5704 W Laurie Ln, Glendale, AZ 85302 ",85302,0.5558885335922241,255000,https://www.zillow.com/homedetails/5704-W-Laurie-Ln-Glendale-AZ-85302/7733068_zpid/,33.5594,-112.183,2017-05-22,2017-05-22,248000,True
7507237,22137511,"2017 N 87th Pl, Scottsdale, AZ 85257 ",85257,0.5558885335922241,330000,https://www.zillow.com/homedetails/2017-N-87th-Pl-Scottsdale-AZ-85257/7582801_zpid/,33.4701,-111.893,2017-05-09,2017-05-09,328000,True
7408450,21925349,"13177 N 91st Dr, Peoria, AZ 85381 ",85381,0.5558885335922241,294500,https://www.zillow.com/homedetails/13177-N-91st-Dr-Peoria-AZ-85381/95080107_zpid/,33.6039,-112.257,2017-05-04,2017-05-04,289906,True
7513887,17751621,"2736 W Glenhaven Dr, Phoenix, AZ 85045 ",85045,0.5558885335922241,344900,https://www.zillow.com/homedetails/2736-W-Glenhaven-Dr-Phoenix-AZ-85045/59265485_zpid/,33.2952,-112.121,2017-05-10,2017-05-10,340000,True
7520011,21943944,"11952 N 85th Ave, Peoria, AZ 85345 ",85345,0.5558885335922241,233900,https://www.zillow.com/homedetails/11952-N-85th-Ave-Peoria-AZ-85345/7685343_zpid/,33.5933,-112.242,2017-05-29,2017-05-29,220000,False
7389593,21961304,"8103 W Wethersfield Rd, Peoria, AZ 85381 ",85381,0.5558885335922241,250000,https://www.zillow.com/homedetails/8103-W-Wethersfield-Rd-Peoria-AZ-85381/8100810_zpid/,33.5959,-112.234,2017-05-09,2017-05-09,250000,True
7520917,21960486,"7525 W Karen Lee Ln, Peoria, AZ 85382 ",85382,0.5558885335922241,375000,https://www.zillow.com/homedetails/7525-W-Karen-Lee-Ln-Peoria-AZ-85382/52426160_zpid/,33.626,-112.223,2017-04-25,2017-04-25,357000,True
7733627,22196316,"4325 W St Kateri Dr, Laveen, AZ 85339 ",85339,0.5558885335922241,199900,https://www.zillow.com/homedetails/4325-W-St-Kateri-Dr-Laveen-AZ-85339/67773751_zpid/,33.3851,-112.152,2017-05-08,2017-05-08,199900,True
7482437,21943112,"10842 N 88th Ave, Peoria, AZ 85345 ",85345,0.5558885335922241,170000,https://www.zillow.com/homedetails/10842-N-88th-Ave-Peoria-AZ-85345/7684989_zpid/,33.5844,-112.248,2017-05-11,2017-05-11,162500,True
8889697,21962839,"8810 W Magnolia St, Tolleson, AZ 85353 ",85353,0.5558885335922241,219500,https://www.zillow.com/homedetails/8810-W-Magnolia-St-Tolleson-AZ-85353/67772861_zpid/,33.4242,-112.25,2017-05-13,2017-05-13,219500,True
8936033,21987142,"5820 W Campo Bello Dr, Glendale, AZ 85308 ",85308,0.5558885335922241,230000,https://www.zillow.com/homedetails/5820-W-Campo-Bello-Dr-Glendale-AZ-85308/8099838_zpid/,33.6441,-112.185,2017-05-12,2017-05-12,231600,True
1934249,21285419,"4311 E Ahwatukee Dr, Phoenix, AZ 85044 ",85044,0.5558885335922241,299900,http://www.zillow.com/homedetails/4311-E-Ahwatukee-Dr-Phoenix-AZ-85044/8150416_zpid/,33.3354,-111.991,2017-05-19,2017-05-19,298000,True
1870212,21594782,"2050 W Wescott Dr, Phoenix, AZ 85027 ",85027,0.5558885335922241,269000,https://www.zillow.com/homedetails/2050-W-Wescott-Dr-Phoenix-AZ-85027/7969764_zpid/,33.6582,-112.105,2017-05-05,2017-05-05,267500,True
1422255,21879510,"8160 W Stella Ave, Glendale, AZ 85303 ",85303,0.5558885335922241,225900,http://www.zillow.com/homedetails/8160-W-Stella-Ave-Glendale-AZ-85303/7463096_zpid,33.5298,-112.235,2017-05-03,2017-05-03,218600,True
1410205,21990050,"7035 N 77th Dr, Glendale, AZ 85303 ",85303,0.5558885335922241,189900,https://www.zillow.com/homedetails/7035-N-77th-Dr-Glendale-AZ-85303/55260205_zpid/,33.539,-112.225,2017-05-26,2017-05-26,192000,True
1075,22092069,"3634 E Piccadilly Rd, Phoenix, AZ 85018 ",85018,0.5558885335922241,349000,https://www.zillow.com/homedetails/3634-E-Piccadilly-Rd-Phoenix-AZ-85018/7564992_zpid/,33.4935,-112.003,2017-05-17,2017-05-17,328250,False
989407,21967938,"1400 S Bogle Ct, Chandler, AZ 85286 ",85286,0.5558885335922241,214900,https://www.zillow.com/homedetails/1400-S-Bogle-Ct-Chandler-AZ-85286/62733287_zpid/,33.2862,-111.833,2017-05-22,2017-05-22,216900,True
428991,22183886,"6311 W Verde Ln, Phoenix, AZ 85033 ",85033,0.5558885335922241,151000,https://www.zillow.com/homedetails/6311-W-Verde-Ln-Phoenix-AZ-85033/7498736_zpid/,33.482,-112.196,2017-05-11,2017-05-11,155000,True
359490,21950198,"2411 S 84th Dr, Tolleson, AZ 85353 ",85353,0.5558885335922241,180000,https://www.zillow.com/homedetails/2411-S-84th-Dr-Tolleson-AZ-85353/56392405_zpid/,33.4263,-112.241,2017-05-06,2017-05-06,185000,True
261813,21984592,"4935 W Oraibi Dr, Glendale, AZ 85308 ",85308,0.5558885335922241,235000,https://www.zillow.com/homedetails/4935-W-Oraibi-Dr-Glendale-AZ-85308/7938087_zpid/,33.6641,-112.167,2017-04-24,2017-04-24,235000,True
191787,22110904,"2022 W Maldonado Rd, Phoenix, AZ 85041 ",85041,0.5558885335922241,234900,https://www.zillow.com/homedetails/2022-W-Maldonado-Rd-Phoenix-AZ-85041/67781898_zpid/,33.3834,-112.103,2017-05-11,2017-05-11,222000,False
279387,20718908,"8525 E Pecos Ln, Scottsdale, AZ 85250 ",85250,0.5558885335922241,324900,http://www.zillow.com/homedetails/8525-E-Pecos-Ln-Scottsdale-AZ-85250/67084452_zpid/,33.5157,-111.897,2017-05-27,2017-05-27,315000,True
687819,22207850,"3301 E Taylor St, Phoenix, AZ 85008 ",85008,0.5558885335922241,125000,https://www.zillow.com/homedetails/3301-E-Taylor-St-Phoenix-AZ-85008/7544610_zpid/,33.454,-112.011,2017-05-27,2017-05-27,124000,True
502487,22092876,"4030 N 57th Dr, Phoenix, AZ 85031 ",85031,0.5558885335922241,160000,https://www.zillow.com/homedetails/4030-N-57th-Dr-Phoenix-AZ-85031/7496772_zpid/,33.4944,-112.183,2017-04-26,2017-04-26,147700,False
289484,22215526,"3539 E Amelia Ave, Phoenix, AZ 85018 ",85018,0.5558885335922241,339900,https://www.zillow.com/homedetails/3539-E-Amelia-Ave-Phoenix-AZ-85018/7565036_zpid/,33.4942,-112.005,2017-05-19,2017-05-19,320000,False
188068,22195757,"3809 E Windsong Dr, Phoenix, AZ 85048 ",85048,0.5558885335922241,345000,https://www.zillow.com/homedetails/3809-E-Windsong-Dr-Phoenix-AZ-85048/8163334_zpid/,33.2938,-112.0,2017-04-27,2017-04-27,335000,True
384635,22203635,"13639 N 21st Ave, Phoenix, AZ 85029 ",85029,0.5558885335922241,184900,https://www.zillow.com/homedetails/13639-N-21st-Ave-Phoenix-AZ-85029/7750004_zpid/,33.6097,-112.104,2017-05-10,2017-05-10,188000,True
329538,22215392,"2902 N 18th Ave, Phoenix, AZ 85015 ",85015,0.5558885335922241,272900,https://www.zillow.com/homedetails/2902-N-18th-Ave-Phoenix-AZ-85015/7518720_zpid/,33.4809,-112.098,2017-05-07,2017-05-07,267000,True
422920,21991421,"8402 N 55th Ave, Glendale, AZ 85302 ",85302,0.5558885335922241,169000,https://www.zillow.com/homedetails/8402-N-55th-Ave-Glendale-AZ-85302/7732808_zpid/,33.5586,-112.178,2017-05-17,2017-05-17,175000,True
163510,22198155,"6614 E Culver St, Scottsdale, AZ 85257 ",85257,0.5558885335922241,399000,https://www.zillow.com/homedetails/6614-E-Culver-St-Scottsdale-AZ-85257/7571658_zpid/,33.4629,-111.938,2017-04-26,2017-04-26,399000,True
165768,22122988,"6918 E Palm Ln, Scottsdale, AZ 85257 ",85257,0.5558885335922241,365000,https://www.zillow.com/homedetails/6918-E-Palm-Ln-Scottsdale-AZ-85257/7569164_zpid/,33.4695,-111.932,2017-05-15,2017-05-15,365000,True
637213,21363089,"537 W Nopal Ave, Mesa, AZ 85210 ",85210,0.5558885335922241,259500,http://www.zillow.com/homedetails/537-W-Nopal-Ave-Mesa-AZ-85210/8279662_zpid,33.3657,-111.846,2017-05-28,2017-05-28,260600,True
634574,22169875,"1820 S Ash, Mesa, AZ 85202 ",85202,0.5558885335922241,239000,https://www.zillow.com/homedetails/1820-S-Ash-Mesa-AZ-85202/8250557_zpid/,33.3817,-111.867,2017-05-09,2017-05-09,235000,True
359831,21950516,"3034 S 90th Ln, Tolleson, AZ 85353 ",85353,0.5558885335922241,224900,https://www.zillow.com/homedetails/3034-S-90th-Ln-Tolleson-AZ-85353/95105248_zpid/,33.4187,-112.255,2017-05-17,2017-05-17,224150,True
194594,22114021,"2821 W La Salle St, Phoenix, AZ 85041 ",85041,0.5558885335922241,195000,https://www.zillow.com/homedetails/2821-W-La-Salle-St-Phoenix-AZ-85041/71605231_zpid/,33.3971,-112.12,2017-05-15,2017-05-15,192000,True
245484,22115625,"3328 W Gelding Dr, Phoenix, AZ 85053 ",85053,0.5558885335922241,224900,https://www.zillow.com/homedetails/3328-W-Gelding-Dr-Phoenix-AZ-85053/7943506_zpid/,33.6163,-112.13,2017-05-14,2017-05-14,224900,True
701767,21999547,"2726 S Rogers, Mesa, AZ 85202 ",85202,0.5558885335922241,239000,https://www.zillow.com/homedetails/2726-S-Rogers-Mesa-AZ-85202/8251801_zpid/,33.3653,-111.864,2017-05-27,2017-05-27,218000,False
194648,22114070,"2838 W Sunland Ave, Phoenix, AZ 85041 ",85041,0.5558885335922241,234500,https://www.zillow.com/homedetails/2838-W-Sunland-Ave-Phoenix-AZ-85041/71605261_zpid/,33.396,-112.121,2017-04-26,2017-04-26,212000,False
422010,21988907,"6457 W Diana Ave, Glendale, AZ 85302 ",85302,0.5558885335922241,219000,https://www.zillow.com/homedetails/6457-W-Diana-Ave-Glendale-AZ-85302/67790210_zpid/,33.562,-112.198,2017-05-30,2017-05-30,206000,False
204316,22180437,"1804 N 31st Pl, Phoenix, AZ 85008 ",85008,0.5558885335922241,129000,http://www.zillow.com/homedetails/1804-N-31st-Pl-Phoenix-AZ-85008/7542468_zpid,33.4677,-112.015,2017-05-20,2017-05-20,129257,True
422009,22230001,"6456 W Ruth Ave, Glendale, AZ 85302 ",85302,0.5558885335922241,219900,https://www.zillow.com/homedetails/6456-W-Ruth-Ave-Glendale-AZ-85302/67790229_zpid/,33.5627,-112.198,2017-05-12,2017-05-12,205000,False
43178,22123771,"7321 W Pioneer St, Phoenix, AZ 85043 ",85043,0.5558885335922241,180000,https://www.zillow.com/homedetails/7321-W-Pioneer-St-Phoenix-AZ-85043/59271992_zpid/,33.418,-112.218,2017-05-17,2017-05-17,180000,True
50600,22111339,"2102 E Briarwood Ter, Phoenix, AZ 85048 ",85048,0.5558885335922241,279999,https://www.zillow.com/homedetails/2102-E-Briarwood-Ter-Phoenix-AZ-85048/8257234_zpid/,33.2963,-112.037,2017-05-14,2017-05-14,279999,True
28539,21879926,"10829 N 46th Ave, Glendale, AZ 85304 ",85304,0.5558885335922241,190000,https://www.zillow.com/homedetails/10829-N-46th-Ave-Glendale-AZ-85304/7727983_zpid/,33.5855,-112.156,2017-05-17,2017-05-17,165800,False
343018,21589088,"1809 S 65th Ln, Phoenix, AZ 85043 ",85043,0.5558885335922241,175000,https://www.zillow.com/homedetails/1809-S-65th-Ln-Phoenix-AZ-85043/55257361_zpid/,33.4308,-112.2,2017-05-22,2017-05-22,175000,True
199584,22210759,"6034 S 20th Gln, Phoenix, AZ 85041 ",85041,0.5558885335922241,235000,https://www.zillow.com/homedetails/6034-S-20th-Gln-Phoenix-AZ-85041/67781705_zpid/,33.3915,-112.103,2017-05-04,2017-05-04,234000,True
239992,22131279,"3909 E Shomi St, Phoenix, AZ 85044 ",85044,0.5558885335922241,250000,https://www.zillow.com/homedetails/3909-E-Shomi-St-Phoenix-AZ-85044/8140700_zpid/,33.3276,-111.999,2017-04-26,2017-04-26,246000,True
970239,22210217,"5391 W Whitten St, Chandler, AZ 85226 ",85226,0.5558885335922241,349900,https://www.zillow.com/homedetails/5391-W-Whitten-St-Chandler-AZ-85226/8265996_zpid/,33.2958,-111.935,2017-05-25,2017-05-25,345000,True
392981,22091528,"3331 W Shaw Butte Dr, Phoenix, AZ 85029 ",85029,0.5558885335922241,187000,https://www.zillow.com/homedetails/3331-W-Shaw-Butte-Dr-Phoenix-AZ-85029/7748565_zpid/,33.5954,-112.131,2017-05-06,2017-05-06,187000,True
195025,22215523,"3045 W Graham Trl, Phoenix, AZ 85041 ",85041,0.5558885335922241,169900,https://www.zillow.com/homedetails/3045-W-Graham-Trl-Phoenix-AZ-85041/67789499_zpid/,33.396,-112.125,2017-05-17,2017-05-17,167000,True
241488,21732390,"3137 W Dailey St, Phoenix, AZ 85053 ",85053,0.5558885335922241,225900,http://www.zillow.com/homedetails/3137-W-Dailey-St-Phoenix-AZ-85053/7943117_zpid/,33.6125,-112.127,2017-05-15,2017-05-15,225000,True
493708,21629363,"5958 W Berkeley Rd, Phoenix, AZ 85035 ",85035,0.5558885335922241,162499,https://www.zillow.com/homedetails/5958-W-Berkeley-Rd-Phoenix-AZ-85035/7491336_zpid/,33.4685,-112.189,2017-05-15,2017-05-15,162500,True
154185,23512115,"18226 N 48th Pl, Scottsdale, AZ 85254 ",85254,0.5001460313796997,379950,https://www.zillow.com/homedetails/18226-N-48th-Pl-Scottsdale-AZ-85254/8031457_zpid/,33.653,-111.977,2017-10-10,2017-10-10,365000,True
54365,22602411,"3903 E Mountain Vista Dr, Phoenix, AZ 85048 ",85048,0.5001460313796997,363900,https://www.zillow.com/homedetails/3903-E-Mountain-Vista-Dr-Phoenix-AZ-85048/8163565_zpid/,33.3007,-111.999,2017-08-31,2017-08-31,361000,True
9006793,22730355,"3518 E Monterosa St, Phoenix, AZ 85018 ",85018,0.5001460313796997,382000,https://www.zillow.com/homedetails/3518-E-Monterosa-St-Phoenix-AZ-85018/7834593_zpid/,33.496,-112.006,2017-09-30,2017-09-30,382000,True
164085,22515861,"6707 E Culver St, Scottsdale, AZ 85257 ",85257,0.5001460313796997,387444,https://www.zillow.com/homedetails/6707-E-Culver-St-Scottsdale-AZ-85257/7571638_zpid/,33.4625,-111.937,2017-08-15,2017-08-15,387444,True
8952303,22538543,"9255 E Camino Del Santo, Scottsdale, AZ 85260 ",85260,0.5,292900,https://www.zillow.com/homedetails/9255-E-Camino-Del-Santo-Scottsdale-AZ-85260/8056545_zpid/,33.6071,-111.882,2017-06-22,2017-06-22,280000,True
8927759,17150026,"2511 E Aster Dr, Phoenix, AZ 85032 ",85032,0.5,234900,https://www.zillow.com/homedetails/2511-E-Aster-Dr-Phoenix-AZ-85032/7820510_zpid/,33.6024,-112.028,2017-05-03,2017-05-03,225000,True
201993,22400629,"7414 S 25th Ln, Phoenix, AZ 85041 ",85041,0.5,246000,https://www.zillow.com/homedetails/7414-S-25th-Ln-Phoenix-AZ-85041/67774342_zpid/,33.3794,-112.114,2017-07-06,2017-07-06,230000,False
40803,22403854,"5112 W Fulton St, Phoenix, AZ 85043 ",85043,0.5,149999,https://www.zillow.com/homedetails/5112-W-Fulton-St-Phoenix-AZ-85043/67785093_zpid/,33.4146,-112.17,2017-07-05,2017-07-05,149999,True
8959066,22407164,"119 W Harrison St, Chandler, AZ 85225 ",85225,0.5,243900,https://www.zillow.com/homedetails/119-W-Harrison-St-Chandler-AZ-85225/8187243_zpid/,33.3163,-111.844,2017-07-08,2017-07-08,245500,True
200405,22279891,"6616 S 32nd Ln, Phoenix, AZ 85041 ",85041,0.5,184900,https://www.zillow.com/homedetails/6616-S-32nd-Ln-Phoenix-AZ-85041/60977403_zpid/,33.3867,-112.128,2017-07-07,2017-07-07,183400,True
8944628,22421156,"2914 E Avalon Dr, Phoenix, AZ 85016 ",85016,0.5,299000,https://www.zillow.com/homedetails/2914-E-Avalon-Dr-Phoenix-AZ-85016/7538710_zpid/,33.4835,-112.019,2017-07-13,2017-07-13,299000,True
8958763,22537982,"8443 S 22nd St, Phoenix, AZ 85042 ",85042,0.5,400000,https://www.zillow.com/homedetails/8443-S-22nd-St-Phoenix-AZ-85042/67800811_zpid/,33.3689,-112.036,2017-07-06,2017-07-06,400000,True
8944790,22423283,"8160 E Palm Ln, Scottsdale, AZ 85257 ",85257,0.5,299500,https://www.zillow.com/homedetails/8160-E-Palm-Ln-Scottsdale-AZ-85257/7581238_zpid/,33.4698,-111.905,2017-06-02,2017-06-02,295000,True
199920,22300208,"6230 S 5th Ave, Phoenix, AZ 85041 ",85041,0.5,160000,https://www.zillow.com/homedetails/6230-S-5th-Ave-Phoenix-AZ-85041/7525890_zpid/,33.3893,-112.08,2017-07-10,2017-07-10,170000,True
199424,22300205,"6008 S 16th Dr, Phoenix, AZ 85041 ",85041,0.5,175000,https://www.zillow.com/homedetails/6008-S-16th-Dr-Phoenix-AZ-85041/60976623_zpid/,33.3917,-112.094,2017-07-10,2017-07-10,175000,True
194700,22395753,"2909 W Shumway Farm Rd, Phoenix, AZ 85041 ",85041,0.5,278000,https://www.zillow.com/homedetails/2909-W-Shumway-Farm-Rd-Phoenix-AZ-85041/67764861_zpid/,33.3835,-112.121,2017-07-13,2017-07-13,278000,True
144835,22534639,"4825 N 82nd St, Scottsdale, AZ 85251 ",85251,0.5,369000,https://www.zillow.com/homedetails/4825-N-82nd-St-Scottsdale-AZ-85251/7849207_zpid/,33.5073,-111.904,2017-07-09,2017-07-09,360000,True
149433,22421913,"8144 E Whitton Ave, Scottsdale, AZ 85251 ",85251,0.5,375000,https://www.zillow.com/homedetails/8144-E-Whitton-Ave-Scottsdale-AZ-85251/7576569_zpid/,33.4893,-111.905,2017-06-10,2017-06-10,368500,True
149592,22537691,"8219 E Montecito Ave, Scottsdale, AZ 85251 ",85251,0.5,339900,https://www.zillow.com/homedetails/8219-E-Montecito-Ave-Scottsdale-AZ-85251/7848192_zpid/,33.4991,-111.904,2017-06-20,2017-06-20,333000,True
190583,22284498,"1614 W La Salle St, Phoenix, AZ 85041 ",85041,0.5,174900,https://www.zillow.com/homedetails/1614-W-La-Salle-St-Phoenix-AZ-85041/67789538_zpid/,33.3977,-112.093,2017-07-08,2017-07-08,174000,True
180366,22123221,"7027 E Sheena Dr, Scottsdale, AZ 85254 ",85254,0.5,395000,https://www.zillow.com/homedetails/7027-E-Sheena-Dr-Scottsdale-AZ-85254/8024678_zpid/,33.6134,-111.929,2017-05-17,2017-05-17,390000,True
177045,22132454,"8736 E Hubbell St, Scottsdale, AZ 85257 ",85257,0.5,350000,https://www.zillow.com/homedetails/8736-E-Hubbell-St-Scottsdale-AZ-85257/7582816_zpid/,33.4697,-111.894,2017-06-25,2017-06-25,342500,True
154208,22069135,"18408 N 48th Pl, Scottsdale, AZ 85254 ",85254,0.5,339000,https://www.zillow.com/homedetails/18408-N-48th-Pl-Scottsdale-AZ-85254/8031451_zpid/,33.6539,-111.977,2017-06-16,2017-06-16,332500,True
8954597,22421317,"3539 E Oak St, Phoenix, AZ 85008 ",85008,0.5,319000,https://www.zillow.com/homedetails/3539-E-Oak-St-Phoenix-AZ-85008/64596024_zpid/,33.4727,-112.005,2017-07-05,2017-07-05,309000,True
171329,22080386,"7852 E Willetta St, Scottsdale, AZ 85257 ",85257,0.5,382000,https://www.zillow.com/homedetails/7852-E-Willetta-St-Scottsdale-AZ-85257/7578728_zpid/,33.4639,-111.911,2017-06-26,2017-06-26,372000,True
8959285,21815260,"1657 W 2nd St, Mesa, AZ 85201 ",85201,0.5,229900,https://www.zillow.com/homedetails/1657-W-2nd-St-Mesa-AZ-85201/7612376_zpid/,33.4189,-111.867,2017-06-15,2017-06-15,225000,True
8959075,21813367,"1771 W Mariposa Ct, Chandler, AZ 85224 ",85224,0.5,230000,https://www.zillow.com/homedetails/1771-W-Mariposa-Ct-Chandler-AZ-85224/8199761_zpid/,33.3366,-111.873,2017-06-16,2017-06-16,228000,True
8971329,22302201,"2452 E Highland Ave, Phoenix, AZ 85016 ",85016,0.5,315000,https://www.zillow.com/homedetails/2452-E-Highland-Ave-Phoenix-AZ-85016/7803677_zpid/,33.506,-112.028,2017-07-11,2017-07-11,315000,True
8969044,22270940,"19019 N 45th Cir, Glendale, AZ 85308 ",85308,0.5,205000,https://www.zillow.com/homedetails/19019-N-45th-Cir-Glendale-AZ-85308/7939011_zpid/,33.6593,-112.159,2017-07-06,2017-07-06,211500,True
8969046,22270948,"3621 W Tonto Ln, Glendale, AZ 85308 ",85308,0.5,179900,https://www.zillow.com/homedetails/3621-W-Tonto-Ln-Glendale-AZ-85308/7936079_zpid/,33.6647,-112.138,2017-07-06,2017-07-06,160000,False
8969090,22271480,"4 N 87th Ln, Tolleson, AZ 85353 ",85353,0.5,179900,https://www.zillow.com/homedetails/4-N-87th-Ln-Tolleson-AZ-85353/81981924_zpid/,33.4477,-112.25,2017-07-06,2017-07-06,183000,True
8969196,22273230,"6302 N 11th St, Phoenix, AZ 85014 ",85014,0.5,374999,https://www.zillow.com/homedetails/6302-N-11th-St-Phoenix-AZ-85014/7797658_zpid/,33.5293,-112.058,2017-07-06,2017-07-06,375000,True
8969500,22279143,"4727 E Angela Dr, Phoenix, AZ 85032 ",85032,0.5,262500,https://www.zillow.com/homedetails/4727-E-Angela-Dr-Phoenix-AZ-85032/8019146_zpid/,33.6468,-111.979,2017-07-07,2017-07-07,258000,True
8969574,22416968,"7115 W Weldon Ave, Phoenix, AZ 85033 ",85033,0.5,179500,https://www.zillow.com/homedetails/7115-W-Weldon-Ave-Phoenix-AZ-85033/7468853_zpid/,33.4913,-112.213,2017-07-07,2017-07-07,179500,True
8969589,22280011,"8406 W Veliana Way, Tolleson, AZ 85353 ",85353,0.5,194900,https://www.zillow.com/homedetails/8406-W-Veliana-Way-Tolleson-AZ-85353/59271200_zpid/,33.4239,-112.242,2017-07-07,2017-07-07,190000,True
8969803,22302178,"3014 E Pinchot Ave, Phoenix, AZ 85016 ",85016,0.5,269000,https://www.zillow.com/homedetails/3014-E-Pinchot-Ave-Phoenix-AZ-85016/7538539_zpid/,33.4829,-112.017,2017-07-11,2017-07-11,265000,True
8970411,22290245,"2637 E Aldine St, Phoenix, AZ 85032 ",85032,0.5,325000,https://www.zillow.com/homedetails/2637-E-Aldine-St-Phoenix-AZ-85032/7820249_zpid/,33.5975,-112.025,2017-07-09,2017-07-09,318200,True
8970825,22295487,"2624 E Elm St, Phoenix, AZ 85016 ",85016,0.5,330000,https://www.zillow.com/homedetails/2624-E-Elm-St-Phoenix-AZ-85016/7803781_zpid/,33.5068,-112.025,2017-07-10,2017-07-10,295000,False
8971344,22302338,"2810 E Wagoner Rd, Phoenix, AZ 85032 ",85032,0.5,288000,https://www.zillow.com/homedetails/2810-E-Wagoner-Rd-Phoenix-AZ-85032/7999343_zpid/,33.654,-112.022,2017-07-11,2017-07-11,287000,True
8959086,22426274,"743 W Rosal Pl, Chandler, AZ 85225 ",85225,0.5,279900,https://www.zillow.com/homedetails/743-W-Rosal-Pl-Chandler-AZ-85225/8177686_zpid/,33.3413,-111.855,2017-07-18,2017-07-18,270000,True
8971473,22303635,"19718 N 66th Dr, Glendale, AZ 85308 ",85308,0.5,341900,https://www.zillow.com/homedetails/19718-N-66th-Dr-Glendale-AZ-85308/8105686_zpid/,33.6631,-112.202,2017-07-11,2017-07-11,333000,True
8972955,22412472,"2509 E Claire Dr, Phoenix, AZ 85032 ",85032,0.5,309900,https://www.zillow.com/homedetails/2509-E-Claire-Dr-Phoenix-AZ-85032/8013936_zpid/,33.6193,-112.027,2017-07-14,2017-07-14,290000,False
8973159,22407013,"1171 N Nantucket St, Chandler, AZ 85225 ",85225,0.5,265000,https://www.zillow.com/homedetails/1171-N-Nantucket-St-Chandler-AZ-85225/8181399_zpid/,33.324,-111.817,2017-07-13,2017-07-13,259000,True
8973160,22408037,"1258 E Chicago Cir, Chandler, AZ 85225 ",85225,0.5,325000,https://www.zillow.com/homedetails/1258-E-Chicago-Cir-Chandler-AZ-85225/8222822_zpid/,33.3004,-111.815,2017-07-13,2017-07-13,320000,True
8973169,22405241,"970 W Gary Dr, Chandler, AZ 85225 ",85225,0.5,209900,https://www.zillow.com/homedetails/970-W-Gary-Dr-Chandler-AZ-85225/8183916_zpid/,33.3217,-111.858,2017-07-14,2017-07-14,200000,True
15812,22414050,"3909 W Irwin Ave, Phoenix, AZ 85041 ",85041,0.5,175000,https://www.zillow.com/homedetails/3909-W-Irwin-Ave-Phoenix-AZ-85041/55258440_zpid/,33.3823,-112.143,2017-07-10,2017-07-10,175000,True
8979516,22425134,"3637 E Desert Flower Ln, Phoenix, AZ 85044 ",85044,0.5,340000,https://www.zillow.com/homedetails/3637-E-Desert-Flower-Ln-Phoenix-AZ-85044/8254827_zpid/,33.3241,-112.005,2017-06-22,2017-06-22,325000,True
8979787,22427608,"4240 E Marino Dr, Phoenix, AZ 85032 ",85032,0.5,248500,https://www.zillow.com/homedetails/4240-E-Marino-Dr-Phoenix-AZ-85032/8017735_zpid/,33.6511,-111.99,2017-06-30,2017-06-30,245000,True
5527,22416905,"6906 S 38th Ln, Phoenix, AZ 85041 ",85041,0.5,175000,https://www.zillow.com/homedetails/6906-S-38th-Ln-Phoenix-AZ-85041/67789777_zpid/,33.3838,-112.142,2017-07-14,2017-07-14,179000,True
3493,21940309,"1302 W Seascape Dr, Gilbert, AZ 85233 ",85233,0.5,284500,https://www.zillow.com/homedetails/1302-W-Seascape-Dr-Gilbert-AZ-85233/8202722_zpid/,33.3493,-111.818,2017-06-23,2017-06-23,280000,True
8968956,22269816,"5370 W Pecan Rd, Laveen, AZ 85339 ",85339,0.5,200000,https://www.zillow.com/homedetails/5370-W-Pecan-Rd-Laveen-AZ-85339/55258106_zpid/,33.3939,-112.175,2017-07-06,2017-07-06,207000,True
8968874,22268820,"4433 E Acoma Dr, Phoenix, AZ 85032 ",85032,0.5,339999,https://www.zillow.com/homedetails/4433-E-Acoma-Dr-Phoenix-AZ-85032/8030471_zpid/,33.6189,-111.985,2017-07-06,2017-07-06,340000,True
8968347,22295901,"2602 E Hartford Ave, Phoenix, AZ 85032 ",85032,0.5,259900,https://www.zillow.com/homedetails/2602-E-Hartford-Ave-Phoenix-AZ-85032/59266679_zpid/,33.6426,-112.026,2017-07-10,2017-07-10,255000,True
8968330,22538035,"8529 W Caribbean Ln, Peoria, AZ 85381 ",85381,0.5,234500,https://www.zillow.com/homedetails/8529-W-Caribbean-Ln-Peoria-AZ-85381/8103033_zpid/,33.624,-112.244,2017-07-05,2017-07-05,235000,True
8959087,22418019,"836 E Glenmere Dr, Chandler, AZ 85225 ",85225,0.5,274000,https://www.zillow.com/homedetails/836-E-Glenmere-Dr-Chandler-AZ-85225/8206052_zpid/,33.2957,-111.828,2017-07-05,2017-07-05,274000,True
208893,21810000,"3001 E Flower St, Phoenix, AZ 85016 ",85016,0.5,264500,https://www.zillow.com/homedetails/3001-E-Flower-St-Phoenix-AZ-85016/7538387_zpid/,33.4857,-112.017,2017-06-13,2017-06-13,256500,True
8959541,22268334,"2520 E Fremont Rd, Phoenix, AZ 85042 ",85042,0.5,287500,https://www.zillow.com/homedetails/2520-E-Fremont-Rd-Phoenix-AZ-85042/52424380_zpid/,33.3817,-112.026,2017-07-06,2017-07-06,280000,True
8959575,22250940,"7074 W Caron Dr, Peoria, AZ 85345 ",85345,0.5,181000,https://www.zillow.com/homedetails/7074-W-Caron-Dr-Peoria-AZ-85345/7703078_zpid/,33.5675,-112.211,2017-07-04,2017-07-04,183000,True
8959603,22383219,"8744 W Seldon Ln, Peoria, AZ 85345 ",85345,0.5,264900,https://www.zillow.com/homedetails/8744-W-Seldon-Ln-Peoria-AZ-85345/7683781_zpid/,33.5599,-112.248,2017-07-11,2017-07-11,235000,False
27995,22288824,"1609 W Hadley St, Phoenix, AZ 85007 ",85007,0.5,148000,https://www.zillow.com/homedetails/1609-W-Hadley-St-Phoenix-AZ-85007/7522591_zpid/,33.4393,-112.094,2017-07-09,2017-07-09,152000,True
19472,22279877,"3514 W Monte Way, Laveen, AZ 85339 ",85339,0.5,212900,https://www.zillow.com/homedetails/3514-W-Monte-Way-Laveen-AZ-85339/67792527_zpid/,33.3606,-112.136,2017-07-07,2017-07-07,205000,True
8962544,22407147,"11831 N 111th Pl, Scottsdale, AZ 85259 ",85259,0.5,399900,https://www.zillow.com/homedetails/11831-N-111th-Pl-Scottsdale-AZ-85259/8058641_zpid/,33.5931,-111.841,2017-06-21,2017-06-21,393900,True
8963290,22281774,"815 W Rosal Pl, Chandler, AZ 85225 ",85225,0.5,265000,https://www.zillow.com/homedetails/815-W-Rosal-Pl-Chandler-AZ-85225/8177739_zpid/,33.3413,-111.857,2017-07-07,2017-07-07,253000,True
8963291,22419056,"968 E Tyson St, Chandler, AZ 85225 ",85225,0.5,250000,https://www.zillow.com/homedetails/968-E-Tyson-St-Chandler-AZ-85225/8188778_zpid/,33.3106,-111.825,2017-07-19,2017-07-19,245000,True
8963366,21956482,"3040 E Glenrosa Ave, Phoenix, AZ 85016 ",85016,0.5,350000,https://www.zillow.com/homedetails/3040-E-Glenrosa-Ave-Phoenix-AZ-85016/7802665_zpid/,33.4988,-112.015,2017-06-23,2017-06-23,320000,False
8963946,22028453,"4302 E Modoc Dr, Phoenix, AZ 85044 ",85044,0.5,318000,https://www.zillow.com/homedetails/4302-E-Modoc-Dr-Phoenix-AZ-85044/8258011_zpid/,33.3382,-111.992,2017-06-09,2017-06-09,307500,True
8964353,22281195,"7367 W Monte Cristo Ave, Peoria, AZ 85382 ",85382,0.5,240500,https://www.zillow.com/homedetails/7367-W-Monte-Cristo-Ave-Peoria-AZ-85382/82800809_zpid/,33.6323,-112.217,2017-07-07,2017-07-07,240500,True
8964494,22064662,"4383 E Morrow Dr, Phoenix, AZ 85050 ",85050,0.5,329000,https://www.zillow.com/homedetails/4383-E-Morrow-Dr-Phoenix-AZ-85050/81972505_zpid/,33.6576,-111.985,2017-06-26,2017-06-26,318000,True
8964976,22131475,"14249 S Cholla Canyon Dr, Phoenix, AZ 85044 ",85044,0.5,299999,https://www.zillow.com/homedetails/14249-S-Cholla-Canyon-Dr-Phoenix-AZ-85044/8164645_zpid/,33.3176,-111.992,2017-06-26,2017-06-26,302000,True
8966016,22229195,"4533 E Kings Ave, Phoenix, AZ 85032 ",85032,0.5,368000,https://www.zillow.com/homedetails/4533-E-Kings-Ave-Phoenix-AZ-85032/8019590_zpid/,33.6367,-111.983,2017-06-28,2017-06-28,368000,True
8966272,22232932,"8888 E Mescal St, Scottsdale, AZ 85260 ",85260,0.5,369000,https://www.zillow.com/homedetails/8888-E-Mescal-St-Scottsdale-AZ-85260/8058816_zpid/,33.5869,-111.889,2017-06-30,2017-06-30,375000,True
8966435,22235006,"4614 E Meadow Dr, Phoenix, AZ 85032 ",85032,0.5,279900,https://www.zillow.com/homedetails/4614-E-Meadow-Dr-Phoenix-AZ-85032/8019413_zpid/,33.6432,-111.981,2017-06-30,2017-06-30,276000,True
8966487,22235314,"1818 W Alamo Dr, Chandler, AZ 85224 ",85224,0.5,300000,https://www.zillow.com/homedetails/1818-W-Alamo-Dr-Chandler-AZ-85224/8199829_zpid/,33.3482,-111.874,2017-06-30,2017-06-30,305000,True
8966549,22414549,"4464 E Badger Way, Phoenix, AZ 85044 ",85044,0.5,320000,https://www.zillow.com/homedetails/4464-E-Badger-Way-Phoenix-AZ-85044/8260919_zpid/,33.3146,-111.986,2017-07-14,2017-07-14,317000,True
8967308,22245890,"4106 E Goldfinch Gate Ln, Phoenix, AZ 85044 ",85044,0.5,349990,https://www.zillow.com/homedetails/4106-E-Goldfinch-Gate-Ln-Phoenix-AZ-85044/67086229_zpid/,33.3264,-111.995,2017-06-16,2017-06-16,338000,True
208766,22430635,"10630 N 9th St, Phoenix, AZ 85020 ",85020,0.5,368500,https://www.zillow.com/homedetails/10630-N-9th-St-Phoenix-AZ-85020/7785783_zpid/,33.5828,-112.062,2017-07-10,2017-07-10,362000,True
1009255,22416556,"633 E Flintlock Pl, Chandler, AZ 85286 ",85286,0.5,265000,https://www.zillow.com/homedetails/633-E-Flintlock-Pl-Chandler-AZ-85286/59262338_zpid/,33.2892,-111.832,2017-07-13,2017-07-13,267500,True
210030,21810058,"3620 N 31st St, Phoenix, AZ 85016 ",85016,0.5,400000,https://www.zillow.com/homedetails/3620-N-31st-St-Phoenix-AZ-85016/7538289_zpid/,33.4903,-112.015,2017-06-15,2017-06-15,390000,True
625376,22409705,"1519 W Pampa Ave, Mesa, AZ 85202 ",85202,0.5,254900,https://www.zillow.com/homedetails/1519-W-Pampa-Ave-Mesa-AZ-85202/8171916_zpid/,33.36,-111.866,2017-07-08,2017-07-08,253000,True
1183505,22431318,"1866 W Redfield Rd, Gilbert, AZ 85233 ",85233,0.5,380000,https://www.zillow.com/homedetails/1866-W-Redfield-Rd-Gilbert-AZ-85233/8175422_zpid/,33.3621,-111.83,2017-07-16,2017-07-16,375000,True
1194593,22272062,"730 N Laguna Dr, Gilbert, AZ 85233 ",85233,0.5,199990,https://www.zillow.com/homedetails/730-N-Laguna-Dr-Gilbert-AZ-85233/62735089_zpid/,33.363,-111.811,2017-07-06,2017-07-06,199990,True
648936,22404909,"828 W Monte Ave, Mesa, AZ 85210 ",85210,0.5,299900,https://www.zillow.com/homedetails/828-W-Monte-Ave-Mesa-AZ-85210/8197663_zpid/,33.3688,-111.852,2017-07-07,2017-07-07,299650,True
645544,22404659,"708 W Laguna Azul Ave, Mesa, AZ 85210 ",85210,0.5,264900,https://www.zillow.com/homedetails/708-W-Laguna-Azul-Ave-Mesa-AZ-85210/8170650_zpid/,33.3731,-111.85,2017-06-13,2017-06-13,265000,True
643641,22404525,"643 W Pantera Ave, Mesa, AZ 85210 ",85210,0.5,244900,https://www.zillow.com/homedetails/643-W-Pantera-Ave-Mesa-AZ-85210/8190692_zpid/,33.3582,-111.848,2017-07-15,2017-07-15,240000,True
640329,22394176,"2105 W Obispo Ave, Mesa, AZ 85202 ",85202,0.5,219900,https://www.zillow.com/homedetails/2105-W-Obispo-Ave-Mesa-AZ-85202/8171480_zpid/,33.3617,-111.879,2017-07-19,2017-07-19,211900,True
626371,22243380,"254 E 2nd Ave, Mesa, AZ 85210 ",85210,0.5,125000,https://www.zillow.com/homedetails/254-E-2nd-Ave-Mesa-AZ-85210/7625919_zpid/,33.411,-111.824,2017-07-02,2017-07-02,125200,True
1374242,22441209,"8825 W Palmaire Ave, Glendale, AZ 85305 ",85305,0.5,286000,https://www.zillow.com/homedetails/8825-W-Palmaire-Ave-Glendale-AZ-85305/61627997_zpid/,33.5389,-112.249,2017-07-16,2017-07-16,285000,True
1410337,22298678,"7055 W Gardenia Ave, Glendale, AZ 85303 ",85303,0.5,179900,https://www.zillow.com/homedetails/7055-W-Gardenia-Ave-Glendale-AZ-85303/7704951_zpid/,33.5449,-112.211,2017-07-10,2017-07-10,175000,True
650075,22394829,"2401 W Impala Ave, Mesa, AZ 85202 ",85202,0.5,295000,https://www.zillow.com/homedetails/2401-W-Impala-Ave-Mesa-AZ-85202/8250437_zpid/,33.382,-111.883,2017-07-18,2017-07-18,290000,True
625037,22133703,"1507 W Lindner Ave, Mesa, AZ 85202 ",85202,0.5,299900,https://www.zillow.com/homedetails/1507-W-Lindner-Ave-Mesa-AZ-85202/8252694_zpid/,33.3762,-111.866,2017-06-26,2017-06-26,291000,True
623591,22109018,"1645 S Westwood, Mesa, AZ 85210 ",85210,0.5,234900,https://www.zillow.com/homedetails/1645-S-Westwood-Mesa-AZ-85210/7600244_zpid/,33.3848,-111.853,2017-06-09,2017-06-09,230900,True
560989,22402760,"1038 W Obispo Ave, Mesa, AZ 85210 ",85210,0.5,190000,https://www.zillow.com/homedetails/1038-W-Obispo-Ave-Mesa-AZ-85210/8190375_zpid/,33.3624,-111.857,2017-07-06,2017-07-06,210000,True
553083,22278724,"1801 N 28th St, Phoenix, AZ 85008 ",85008,0.5,229900,https://www.zillow.com/homedetails/1801-N-28th-St-Phoenix-AZ-85008/7543208_zpid/,33.4677,-112.022,2017-07-07,2017-07-07,222000,True
532694,22269785,"6607 S 44th Ln, Laveen, AZ 85339 ",85339,0.5,255900,https://www.zillow.com/homedetails/6607-S-44th-Ln-Laveen-AZ-85339/67773825_zpid/,33.3864,-112.155,2017-07-06,2017-07-06,250000,True
501930,22284746,"3438 N 47th Dr, Phoenix, AZ 85031 ",85031,0.5,175000,https://www.zillow.com/homedetails/3438-N-47th-Dr-Phoenix-AZ-85031/7508691_zpid/,33.4894,-112.163,2017-07-08,2017-07-08,175000,True
5088778,22080225,"700 N Jay St, Chandler, AZ 85225 ",85225,0.5,264900,https://www.zillow.com/homedetails/700-N-Jay-St-Chandler-AZ-85225/8186298_zpid/,33.3154,-111.855,2017-06-22,2017-06-22,264900,True
500960,22536863,"7416 W Alvarado Rd, Phoenix, AZ 85035 ",85035,0.5,155000,https://www.zillow.com/homedetails/7416-W-Alvarado-Rd-Phoenix-AZ-85035/7474904_zpid/,33.4717,-112.219,2017-07-13,2017-07-13,156000,True
1181583,22085292,"1526 W Boa Vista Dr, Gilbert, AZ 85233 ",85233,0.5,309900,https://www.zillow.com/homedetails/1526-W-Boa-Vista-Dr-Gilbert-AZ-85233/8178163_zpid/,33.3402,-111.823,2017-06-12,2017-06-12,309900,True
1173837,21814317,"1021 W Cantebria Dr, Gilbert, AZ 85233 ",85233,0.5,259900,https://www.zillow.com/homedetails/1021-W-Cantebria-Dr-Gilbert-AZ-85233/8181076_zpid/,33.3342,-111.813,2017-06-16,2017-06-16,265900,True
487562,22534749,"5029 W Cambridge Ave, Phoenix, AZ 85035 ",85035,0.5,169000,https://www.zillow.com/homedetails/5029-W-Cambridge-Ave-Phoenix-AZ-85035/7494011_zpid/,33.477,-112.167,2017-07-17,2017-07-17,169000,True
1093022,22417340,"744 E Saddle Dr, Chandler, AZ 85225 ",85225,0.5,259900,https://www.zillow.com/homedetails/744-E-Saddle-Dr-Chandler-AZ-85225/8206397_zpid/,33.2978,-111.83,2017-06-15,2017-06-15,255000,True
1071755,22281744,"1468 E Countrywalk Ln, Chandler, AZ 85225 ",85225,0.5,249900,https://www.zillow.com/homedetails/1468-E-Countrywalk-Ln-Chandler-AZ-85225/8181437_zpid/,33.3232,-111.814,2017-07-07,2017-07-07,248500,True
1072307,22068907,"1526 E Sheffield Ave, Chandler, AZ 85225 ",85225,0.5,279000,https://www.zillow.com/homedetails/1526-E-Sheffield-Ave-Chandler-AZ-85225/8180849_zpid/,33.3259,-111.814,2017-06-02,2017-06-02,279000,True
1073860,22243201,"1670 E Countrywalk Ln, Chandler, AZ 85225 ",85225,0.5,230000,https://www.zillow.com/homedetails/1670-E-Countrywalk-Ln-Chandler-AZ-85225/8280402_zpid/,33.3236,-111.812,2017-07-02,2017-07-02,230000,True
1074190,22281752,"1701 N Burbank Ct, Chandler, AZ 85225 ",85225,0.5,250000,https://www.zillow.com/homedetails/1701-N-Burbank-Ct-Chandler-AZ-85225/8183605_zpid/,33.3317,-111.857,2017-07-07,2017-07-07,250000,True
1081118,22230817,"2523 N Evergreen St, Chandler, AZ 85225 ",85225,0.5,264900,https://www.zillow.com/homedetails/2523-N-Evergreen-St-Chandler-AZ-85225/8200474_zpid/,33.344,-111.854,2017-06-28,2017-06-28,258000,True
977057,22235679,"853 N Brandon Dr, Chandler, AZ 85226 ",85226,0.5,379900,https://www.zillow.com/homedetails/853-N-Brandon-Dr-Chandler-AZ-85226/8157751_zpid/,33.3168,-111.946,2017-06-30,2017-06-30,379900,True
973416,22272130,"6145 W Ivanhoe St, Chandler, AZ 85226 ",85226,0.5,334900,https://www.zillow.com/homedetails/6145-W-Ivanhoe-St-Chandler-AZ-85226/8157412_zpid/,33.3158,-111.948,2017-07-06,2017-07-06,323000,True
1091897,22426242,"705 W El Prado Rd, Chandler, AZ 85225 ",85225,0.5,249900,https://www.zillow.com/homedetails/705-W-El-Prado-Rd-Chandler-AZ-85225/8177573_zpid/,33.3389,-111.853,2017-07-06,2017-07-06,260000,True
962215,22258984,"4158 W Orchid Ln, Chandler, AZ 85226 ",85226,0.5,359900,https://www.zillow.com/homedetails/4158-W-Orchid-Ln-Chandler-AZ-85226/8154062_zpid/,33.3237,-111.915,2017-07-05,2017-07-05,359900,True
1127477,22395912,"3001 N El Dorado Dr, Chandler, AZ 85224 ",85224,0.5,195000,https://www.zillow.com/homedetails/3001-N-El-Dorado-Dr-Chandler-AZ-85224/8197037_zpid/,33.3506,-111.885,2017-06-26,2017-06-26,195000,True
961383,22239144,"3990 W Roundabout Cir, Chandler, AZ 85226 ",85226,0.5,269900,https://www.zillow.com/homedetails/3990-W-Roundabout-Cir-Chandler-AZ-85226/67793422_zpid/,33.3224,-111.91,2017-07-01,2017-07-01,260000,True
1109232,22420140,"1200 W Mesquite St, Chandler, AZ 85224 ",85224,0.5,245000,https://www.zillow.com/homedetails/1200-W-Mesquite-St-Chandler-AZ-85224/8175850_zpid/,33.342,-111.862,2017-07-06,2017-07-06,243000,True
957624,22413508,"3321 W Golden Ln, Chandler, AZ 85226 ",85226,0.5,275000,https://www.zillow.com/homedetails/3321-W-Golden-Ln-Chandler-AZ-85226/8263716_zpid/,33.3243,-111.899,2017-07-11,2017-07-11,256000,False
830366,22297367,"3807 W Cavalier Dr, Phoenix, AZ 85019 ",85019,0.5,189000,https://www.zillow.com/homedetails/3807-W-Cavalier-Dr-Phoenix-AZ-85019/7758962_zpid/,33.526,-112.141,2017-07-11,2017-07-11,195700,True
700464,22412544,"2549 S Patterson, Mesa, AZ 85202 ",85202,0.5,267000,https://www.zillow.com/homedetails/2549-S-Patterson-Mesa-AZ-85202/8251895_zpid/,33.3681,-111.862,2017-06-21,2017-06-21,267000,True
1119960,22394400,"2208 W Bentrup St, Chandler, AZ 85224 ",85224,0.5,215000,https://www.zillow.com/homedetails/2208-W-Bentrup-St-Chandler-AZ-85224/8197050_zpid/,33.3501,-111.882,2017-06-29,2017-06-29,215000,True
1121796,22017155,"2394 N Comanche Dr, Chandler, AZ 85224 ",85224,0.5,239900,https://www.zillow.com/homedetails/2394-N-Comanche-Dr-Chandler-AZ-85224/8175874_zpid/,33.3409,-111.86,2017-06-23,2017-06-23,237500,True
698552,22394996,"2444 S Noche De Paz, Mesa, AZ 85202 ",85202,0.5,289000,https://www.zillow.com/homedetails/2444-S-Noche-De-Paz-Mesa-AZ-85202/8251225_zpid/,33.3699,-111.893,2017-06-30,2017-06-30,282500,True
7381654,22425285,"8127 W Weldon Ave, Phoenix, AZ 85033 ",85033,0.5,174900,https://www.zillow.com/homedetails/8127-W-Weldon-Ave-Phoenix-AZ-85033/7479002_zpid/,33.4888,-112.234,2017-07-06,2017-07-06,175000,True
482917,22289404,"2607 N 71st Ln, Phoenix, AZ 85035 ",85035,0.5,177000,https://www.zillow.com/homedetails/2607-N-71st-Ln-Phoenix-AZ-85035/7474652_zpid/,33.4769,-112.213,2017-07-09,2017-07-09,172000,True
210159,22244762,"3720 E Fillmore St, Phoenix, AZ 85008 ",85008,0.5,75000,https://www.zillow.com/homedetails/3720-E-Fillmore-St-Phoenix-AZ-85008/7544460_zpid/,33.454,-112.001,2017-07-03,2017-07-03,66000,False
243304,22232647,"4326 E Desert Trumpet Rd, Phoenix, AZ 85044 ",85044,0.5,250000,https://www.zillow.com/homedetails/4326-E-Desert-Trumpet-Rd-Phoenix-AZ-85044/8164809_zpid/,33.314,-111.991,2017-06-29,2017-06-29,252000,True
333100,22270916,"1232 E Michigan Ave, Phoenix, AZ 85022 ",85022,0.5,272500,https://www.zillow.com/homedetails/1232-E-Michigan-Ave-Phoenix-AZ-85022/8001710_zpid/,33.6515,-112.056,2017-07-06,2017-07-06,272500,True
7492180,22302204,"5045 E Sheridan St, Phoenix, AZ 85008 ",85008,0.5,319900,https://www.zillow.com/homedetails/5045-E-Sheridan-St-Phoenix-AZ-85008/7561757_zpid/,33.4748,-111.972,2017-07-11,2017-07-11,323500,True
313445,22422914,"1621 W Willetta St, Phoenix, AZ 85007 ",85007,0.5,275000,https://www.zillow.com/homedetails/1621-W-Willetta-St-Phoenix-AZ-85007/7520938_zpid/,33.4634,-112.094,2017-07-16,2017-07-16,275000,True
294218,22295459,"2113 E Whitton Ave, Phoenix, AZ 85016 ",85016,0.5,367000,https://www.zillow.com/homedetails/2113-E-Whitton-Ave-Phoenix-AZ-85016/7539807_zpid/,33.4892,-112.036,2017-07-10,2017-07-10,367000,True
282057,22229094,"11039 N 36th St, Phoenix, AZ 85028 ",85028,0.5,369900,https://www.zillow.com/homedetails/11039-N-36th-St-Phoenix-AZ-85028/7818254_zpid/,33.5878,-112.004,2017-06-28,2017-06-28,369900,True
278784,22421955,"8450 E Orange Blossom Ln, Scottsdale, AZ 85250 ",85250,0.5,379000,https://www.zillow.com/homedetails/8450-E-Orange-Blossom-Ln-Scottsdale-AZ-85250/7849481_zpid/,33.5116,-111.898,2017-06-26,2017-06-26,379000,True
254633,22028461,"9827 S 47th Pl, Phoenix, AZ 85044 ",85044,0.5,300000,https://www.zillow.com/homedetails/9827-S-47th-Pl-Phoenix-AZ-85044/8142666_zpid/,33.3572,-111.979,2017-06-23,2017-06-23,290000,True
245004,22290528,"3302 W Acoma Dr, Phoenix, AZ 85053 ",85053,0.5,185000,https://www.zillow.com/homedetails/3302-W-Acoma-Dr-Phoenix-AZ-85053/7943320_zpid/,33.6178,-112.13,2017-07-09,2017-07-09,185000,True
1071112,22409123,"1425 E Sheffield Ave, Chandler, AZ 85225 ",85225,0.5,274999,https://www.zillow.com/homedetails/1425-E-Sheffield-Ave-Chandler-AZ-85225/8180882_zpid/,33.3254,-111.816,2017-07-15,2017-07-15,274999,True
336468,22408768,"13613 N 18th St, Phoenix, AZ 85022 ",85022,0.5,285000,https://www.zillow.com/homedetails/13613-N-18th-St-Phoenix-AZ-85022/7818819_zpid/,33.6101,-112.043,2017-07-07,2017-07-07,285000,True
7558333,22084357,"13828 N 37th Way, Phoenix, AZ 85032 ",85032,0.5,248900,https://www.zillow.com/homedetails/13828-N-37th-Way-Phoenix-AZ-85032/8012433_zpid/,33.6133,-112.0,2017-06-19,2017-06-19,240000,True
7658868,22432315,"5450 E Grandview Rd, Scottsdale, AZ 85254 ",85254,0.5,390000,https://www.zillow.com/homedetails/5450-E-Grandview-Rd-Scottsdale-AZ-85254/8021743_zpid/,33.6352,-111.963,2017-07-02,2017-07-02,386000,True
233766,22409453,"14842 S 44th Pl, Phoenix, AZ 85044 ",85044,0.5,299900,https://www.zillow.com/homedetails/14842-S-44th-Pl-Phoenix-AZ-85044/8165195_zpid/,33.3111,-111.989,2017-06-12,2017-06-12,285000,True
232271,22243385,"14431 S 47th Pl, Phoenix, AZ 85044 ",85044,0.5,239000,https://www.zillow.com/homedetails/14431-S-47th-Pl-Phoenix-AZ-85044/8261230_zpid/,33.315,-111.981,2017-07-02,2017-07-02,239000,True
221725,22263522,"10207 S 47th St, Phoenix, AZ 85044 ",85044,0.5,247000,https://www.zillow.com/homedetails/10207-S-47th-St-Phoenix-AZ-85044/8142070_zpid/,33.3544,-111.981,2017-07-06,2017-07-06,247000,True
219984,22417927,"829 E Orchid Ln, Phoenix, AZ 85020 ",85020,0.5,219000,https://www.zillow.com/homedetails/829-E-Orchid-Ln-Phoenix-AZ-85020/7789558_zpid/,33.5618,-112.063,2017-07-08,2017-07-08,210000,True
8747304,13612129,"4361 E Coolbrook Ave, Phoenix, AZ 85032 ",85032,0.5,300000,https://www.zillow.com/homedetails/4361-E-Coolbrook-Ave-Phoenix-AZ-85032/8018709_zpid/,33.6421,-111.987,2017-04-29,2017-04-29,300000,True
219349,22417707,"8049 N 10th St, Phoenix, AZ 85020 ",85020,0.5,264000,https://www.zillow.com/homedetails/8049-N-10th-St-Phoenix-AZ-85020/7790291_zpid/,33.5544,-112.06,2017-07-11,2017-07-11,260000,True
7490971,22428527,"7516 W Comet Ave, Peoria, AZ 85345 ",85345,0.5,198500,https://www.zillow.com/homedetails/7516-W-Comet-Ave-Peoria-AZ-85345/7682488_zpid/,33.5793,-112.221,2017-07-14,2017-07-14,200000,True
7487728,22441113,"2126 E Saltsage Dr, Phoenix, AZ 85048 ",85048,0.5,249900,https://www.zillow.com/homedetails/2126-E-Saltsage-Dr-Phoenix-AZ-85048/8257310_zpid/,33.2947,-112.037,2017-07-11,2017-07-11,244900,True
7390051,19967870,"16612 N 28th Pl, Phoenix, AZ 85032 ",85032,0.5,184000,https://www.zillow.com/homedetails/16612-N-28th-Pl-Phoenix-AZ-85032/8005795_zpid/,33.6376,-112.022,2017-05-12,2017-05-12,182000,True
7446173,22440371,"3607 E Karen Dr, Phoenix, AZ 85032 ",85032,0.5,194500,https://www.zillow.com/homedetails/3607-E-Karen-Dr-Phoenix-AZ-85032/8013254_zpid/,33.6253,-112.004,2017-07-01,2017-07-01,198000,True
478615,22426992,"1824 N 63rd Ave, Phoenix, AZ 85035 ",85035,0.5,179900,https://www.zillow.com/homedetails/1824-N-63rd-Ave-Phoenix-AZ-85035/7490651_zpid/,33.4683,-112.195,2017-07-27,2017-07-27,190900,True
7403712,22412509,"2532 E Aster Dr, Phoenix, AZ 85032 ",85032,0.5,289000,https://www.zillow.com/homedetails/2532-E-Aster-Dr-Phoenix-AZ-85032/7820503_zpid/,33.6027,-112.027,2017-07-12,2017-07-12,289000,True
462106,22285245,"2609 W Lamar Rd, Phoenix, AZ 85017 ",85017,0.5,199900,https://www.zillow.com/homedetails/2609-W-Lamar-Rd-Phoenix-AZ-85017/7772533_zpid/,33.5362,-112.115,2017-07-08,2017-07-08,195000,True
7406870,22440964,"16601 N 28th Pl, Phoenix, AZ 85032 ",85032,0.5,247000,https://www.zillow.com/homedetails/16601-N-28th-Pl-Phoenix-AZ-85032/82818976_zpid/,33.6372,-112.021,2017-07-06,2017-07-06,242000,True
457491,22304506,"5043 W Osborn Rd, Phoenix, AZ 85031 ",85031,0.5,148000,https://www.zillow.com/homedetails/5043-W-Osborn-Rd-Phoenix-AZ-85031/7509962_zpid/,33.4873,-112.168,2017-07-11,2017-07-11,148000,True
7408239,22282206,"7907 E Kimsey Ln, Scottsdale, AZ 85257 ",85257,0.5,315000,https://www.zillow.com/homedetails/7907-E-Kimsey-Ln-Scottsdale-AZ-85257/7583166_zpid/,33.4559,-111.91,2017-07-07,2017-07-07,310000,True
410474,22398210,"4816 W Altadena Ave, Glendale, AZ 85304 ",85304,0.5,184900,https://www.zillow.com/homedetails/4816-W-Altadena-Ave-Glendale-AZ-85304/7727429_zpid/,33.5917,-112.163,2017-07-13,2017-07-13,184900,True
408285,22416300,"6128 W Caribe Ln, Glendale, AZ 85306 ",85306,0.5,254000,https://www.zillow.com/homedetails/6128-W-Caribe-Ln-Glendale-AZ-85306/8099107_zpid/,33.6214,-112.192,2017-07-07,2017-07-07,245000,True
400469,22303630,"10657 N 46th Ave, Glendale, AZ 85304 ",85304,0.5,269850,https://www.zillow.com/homedetails/10657-N-46th-Ave-Glendale-AZ-85304/7727720_zpid/,33.5839,-112.158,2017-07-11,2017-07-11,264000,True
360207,22301784,"8306 W Miami St, Tolleson, AZ 85353 ",85353,0.5,255000,https://www.zillow.com/homedetails/8306-W-Miami-St-Tolleson-AZ-85353/67764150_zpid/,33.4191,-112.239,2017-07-11,2017-07-11,255000,True
400420,22281182,"10645 N 45th Dr, Glendale, AZ 85304 ",85304,0.5,215000,https://www.zillow.com/homedetails/10645-N-45th-Dr-Glendale-AZ-85304/7727743_zpid/,33.5841,-112.157,2017-07-07,2017-07-07,215000,True
396358,22271467,"3922 W Bloomfield Rd, Phoenix, AZ 85029 ",85029,0.5,254950,https://www.zillow.com/homedetails/3922-W-Bloomfield-Rd-Phoenix-AZ-85029/7742744_zpid/,33.5991,-112.144,2017-07-06,2017-07-06,250000,True
387405,22595576,"3736 W Gardenia Ave, Phoenix, AZ 85051 ",85051,0.5,81000,https://www.zillow.com/homedetails/3736-W-Gardenia-Ave-Phoenix-AZ-85051/67083736_zpid/,33.5443,-112.141,2017-07-17,2017-07-17,81000,True
386839,22413795,"3712 W Seldon Ln, Phoenix, AZ 85051 ",85051,0.5,135000,https://www.zillow.com/homedetails/3712-W-Seldon-Ln-Phoenix-AZ-85051/7752377_zpid/,33.561,-112.139,2017-07-19,2017-07-19,135500,True
7453136,22431156,"16420 S 16th Ln, Phoenix, AZ 85045 ",85045,0.5,339900,https://www.zillow.com/homedetails/16420-S-16th-Ln-Phoenix-AZ-85045/8285027_zpid/,33.2973,-112.097,2017-07-14,2017-07-14,331500,True
379923,22252408,"11602 N 32nd Ave, Phoenix, AZ 85029 ",85029,0.5,227500,https://www.zillow.com/homedetails/11602-N-32nd-Ave-Phoenix-AZ-85029/7749146_zpid/,33.5919,-112.128,2017-07-04,2017-07-04,227500,True
360494,22251246,"8405 W Mohave St, Tolleson, AZ 85353 ",85353,0.5,194999,https://www.zillow.com/homedetails/8405-W-Mohave-St-Tolleson-AZ-85353/58771315_zpid/,33.4316,-112.241,2017-07-04,2017-07-04,200000,True
7477324,22431476,"2014 E Villa Maria Dr, Phoenix, AZ 85022 ",85022,0.5,335000,https://www.zillow.com/homedetails/2014-E-Villa-Maria-Dr-Phoenix-AZ-85022/81966287_zpid/,33.6518,-112.039,2017-07-13,2017-07-13,324500,True
7544027,22085420,"15449 N 38th Pl, Phoenix, AZ 85032 ",85032,0.5,285000,https://www.zillow.com/homedetails/15449-N-38th-Pl-Phoenix-AZ-85032/8006869_zpid/,33.6278,-112.0,2017-06-16,2017-06-16,281000,True
