<?xml version="1.0"?>
<!--<!DOCTYPE metadata SYSTEM "http://www.esri.com/metadata/esriprof80.dtd">-->
<metadata xml:lang="en"><Esri><MetaID>{8C79839F-E536-4D6F-8F5A-5F5A298D22AA}</MetaID><CreaDate>20071221</CreaDate><CreaTime>17373200</CreaTime><SyncOnce>FALSE</SyncOnce><SyncDate>20071221</SyncDate><SyncTime>17373200</SyncTime><ModDate>20071221</ModDate><ModTime>17373200</ModTime></Esri><idinfo><native Sync="TRUE">Microsoft Windows XP Version 5.1 (Build 2600) Service Pack 2; ESRI ArcCatalog 9.2.0.1324</native><descript><langdata Sync="TRUE">en</langdata><abstract>Neighborhood boundaries for large cities in Arizona.  This work is licensed under a Creative Commons Attribution-Share Alike 3.0 License.  You are free to Share - to copy, distribute and transmit the work.  You are free to adapt the work.  You must attribute the work in the manner specified by the author or licensor.  If you alter, transform, or build upon this work, you may distribute the resulting work only under the same, similar or a compatible license.  http://creativecommons.org/licenses/by-sa/3.0</abstract><purpose>Displaying neighborhoods.  Organizing and aggregating geographic and point level data based on neighborhoods.</purpose></descript><citation><citeinfo><origin>Zillow.com compiled this data with the help of municipalities throughout the US.</origin><pubdate>20071001</pubdate><title Sync="FALSE">Neighborhood Boundaries in Arizona</title><geoform Sync="TRUE">vector digital data</geoform><onlink Sync="FALSE">http://www.zillow.com/</onlink></citeinfo></citation><timeperd><current>Current as of 2007</current><timeinfo><sngdate><caldate>2007</caldate></sngdate></timeinfo></timeperd><status><progress>More neighborhoods will continue to be added to this data set.</progress><update>Roughly once per quarter.</update></status><spdom><bounding><westbc Sync="TRUE">-112.324318</westbc><eastbc Sync="TRUE">-110.721504</eastbc><northbc Sync="TRUE">33.968940</northbc><southbc Sync="TRUE">32.062769</southbc></bounding><lboundng><leftbc Sync="TRUE">-112.324318</leftbc><rightbc Sync="TRUE">-110.721504</rightbc><bottombc Sync="TRUE">32.062769</bottombc><topbc Sync="TRUE">33.968940</topbc></lboundng></spdom><keywords><theme><themekt>None</themekt><themekey>shape</themekey><themekey>neighborhood</themekey><themekey>polygon</themekey><themekey>boundaries</themekey></theme><place><placekt>None</placekt><placekey>United States</placekey><placekey>Arizona</placekey><placekey>Neighborhoods</placekey></place></keywords><accconst><a rel="license" href="http://creativecommons.org/licenses/by-sa/3.0/"><img alt="Creative Commons License" style="border-width:0" src="http://i.creativecommons.org/l/by-sa/3.0/88x31.png" /></a><br />This <span xmlns:dc="http://purl.org/dc/elements/1.1/" href="http://purl.org/dc/dcmitype/" rel="dc:type">work</span> is licensed under a <a rel="license" href="http://creativecommons.org/licenses/by-sa/3.0/">Creative Commons Attribution-Share Alike 3.0 License</a>.  http://creativecommons.org/licenses/by-sa/3.0</accconst><useconst><a rel="license" href="http://creativecommons.org/licenses/by-sa/3.0/"><img alt="Creative Commons License" style="border-width:0" src="http://i.creativecommons.org/l/by-sa/3.0/88x31.png" /></a><br />This <span xmlns:dc="http://purl.org/dc/elements/1.1/" href="http://purl.org/dc/dcmitype/" rel="dc:type">work</span> is licensed under a <a rel="license" href="http://creativecommons.org/licenses/by-sa/3.0/">Creative Commons Attribution-Share Alike 3.0 License</a>.  http://creativecommons.org/licenses/by-sa/3.0</useconst><natvform Sync="TRUE">Shapefile</natvform></idinfo><dataIdInfo><envirDesc Sync="TRUE">Microsoft Windows XP Version 5.1 (Build 2600) Service Pack 2; ESRI ArcCatalog 9.2.0.1324</envirDesc><dataLang><languageCode Sync="TRUE" value="en"></languageCode></dataLang><idCitation><resTitle Sync="TRUE">ZillowNeighborhoods-AZ</resTitle><presForm><PresFormCd Sync="TRUE" value="005"></PresFormCd></presForm></idCitation><spatRpType><SpatRepTypCd Sync="TRUE" value="001"></SpatRepTypCd></spatRpType><dataExt><geoEle><GeoBndBox esriExtentType="native"><westBL Sync="TRUE">-112.324318</westBL><eastBL Sync="TRUE">-110.721504</eastBL><northBL Sync="TRUE">33.96894</northBL><southBL Sync="TRUE">32.062769</southBL><exTypeCode Sync="TRUE">1</exTypeCode></GeoBndBox></geoEle></dataExt><geoBox esriExtentType="decdegrees"><westBL Sync="TRUE">-112.324318</westBL><eastBL Sync="TRUE">-110.721504</eastBL><northBL Sync="TRUE">33.96894</northBL><southBL Sync="TRUE">32.062769</southBL><exTypeCode Sync="TRUE">1</exTypeCode></geoBox></dataIdInfo><metainfo><langmeta Sync="TRUE">en</langmeta><metstdn Sync="TRUE">FGDC Content Standards for Digital Geospatial Metadata</metstdn><metstdv Sync="TRUE">FGDC-STD-001-1998</metstdv><mettc Sync="TRUE">local time</mettc><metextns><onlink Sync="TRUE">http://www.esri.com/metadata/esriprof80.html</onlink><metprof Sync="TRUE">ESRI Metadata Profile</metprof></metextns><metc><cntinfo><cntorgp><cntper>Tommy Unger</cntper><cntorg>Zillow.com</cntorg></cntorgp><cntaddr><addrtype>999 Third AVE, Suite 4600</addrtype><city>Seattle</city><state>WA</state><postal>98104</postal></cntaddr><cntvoice>206-470-7000</cntvoice></cntinfo></metc><metd Sync="TRUE">20071221</metd></metainfo><mdLang><languageCode Sync="TRUE" value="en"></languageCode></mdLang><mdStanName Sync="TRUE">ISO 19115 Geographic Information - Metadata</mdStanName><mdStanVer Sync="TRUE">DIS_ESRI1.0</mdStanVer><mdChar><CharSetCd Sync="TRUE" value="004"></CharSetCd></mdChar><mdHrLv><ScopeCd Sync="TRUE" value="005"></ScopeCd></mdHrLv><mdHrLvName Sync="TRUE">dataset</mdHrLvName><distinfo><resdesc Sync="TRUE">Downloadable Data</resdesc><stdorder><digform><digtinfo><transize Sync="TRUE">0.266</transize><dssize Sync="TRUE">0.266</dssize></digtinfo></digform></stdorder></distinfo><distInfo><distributor><distorTran><transSize Sync="TRUE">0.266</transSize></distorTran><distorFormat><formatName Sync="TRUE">Shapefile</formatName></distorFormat></distributor></distInfo><spdoinfo><direct Sync="TRUE">Vector</direct><ptvctinf><esriterm Name="ZillowNeighborhoods-AZ"><efeatyp Sync="TRUE">Simple</efeatyp><efeageom Sync="TRUE">Polygon</efeageom><esritopo Sync="TRUE">FALSE</esritopo><efeacnt Sync="TRUE">218</efeacnt><spindex Sync="TRUE">FALSE</spindex><linrefer Sync="TRUE">FALSE</linrefer></esriterm><sdtsterm Name="ZillowNeighborhoods-AZ"><sdtstype Sync="TRUE">G-polygon</sdtstype><ptvctcnt Sync="TRUE">218</ptvctcnt></sdtsterm></ptvctinf></spdoinfo><spref><horizsys><cordsysn><geogcsn Sync="TRUE">GCS_North_American_1983</geogcsn></cordsysn><geograph><geogunit Sync="TRUE">Decimal degrees</geogunit><latres Sync="TRUE">0.000000</latres><longres Sync="TRUE">0.000000</longres></geograph><geodetic><horizdn Sync="TRUE">North American Datum of 1983</horizdn><ellips Sync="TRUE">Geodetic Reference System 80</ellips><semiaxis Sync="TRUE">6378137.000000</semiaxis><denflat Sync="TRUE">298.257222</denflat></geodetic></horizsys></spref><refSysInfo><RefSystem><refSysID><identCode Sync="TRUE">GCS_North_American_1983</identCode></refSysID></RefSystem></refSysInfo><spatRepInfo><VectSpatRep><topLvl><TopoLevCd Sync="TRUE" value="001"></TopoLevCd></topLvl><geometObjs Name="ZillowNeighborhoods-AZ"><geoObjTyp><GeoObjTypCd Sync="TRUE" value="001"></GeoObjTypCd></geoObjTyp><geoObjCnt Sync="TRUE">218</geoObjCnt></geometObjs></VectSpatRep></spatRepInfo><eainfo><detailed Name="ZillowNeighborhoods-AZ"><enttyp><enttypl Sync="TRUE">ZillowNeighborhoods-AZ</enttypl><enttypt Sync="TRUE">Feature Class</enttypt><enttypc Sync="TRUE">218</enttypc></enttyp><attr><attrlabl Sync="TRUE">FID</attrlabl><attalias Sync="TRUE">FID</attalias><attrtype Sync="TRUE">OID</attrtype><attwidth Sync="TRUE">4</attwidth><atprecis Sync="TRUE">0</atprecis><attscale Sync="TRUE">0</attscale><attrdef Sync="TRUE">Internal feature number.</attrdef><attrdefs Sync="TRUE">ESRI</attrdefs><attrdomv><udom Sync="TRUE">Sequential unique whole numbers that are automatically generated.</udom></attrdomv></attr><attr><attrlabl Sync="TRUE">Shape</attrlabl><attalias Sync="TRUE">Shape</attalias><attrtype Sync="TRUE">Geometry</attrtype><attwidth Sync="TRUE">0</attwidth><atprecis Sync="TRUE">0</atprecis><attscale Sync="TRUE">0</attscale><attrdef Sync="TRUE">Feature geometry.</attrdef><attrdefs Sync="TRUE">ESRI</attrdefs><attrdomv><udom Sync="TRUE">Coordinates defining the features.</udom></attrdomv></attr><attr><attrlabl Sync="TRUE">STATE</attrlabl><attalias Sync="TRUE">STATE</attalias><attrtype Sync="TRUE">String</attrtype><attwidth Sync="TRUE">2</attwidth></attr><attr><attrlabl Sync="TRUE">COUNTY</attrlabl><attalias Sync="TRUE">COUNTY</attalias><attrtype Sync="TRUE">String</attrtype><attwidth Sync="TRUE">43</attwidth></attr><attr><attrlabl Sync="TRUE">CITY</attrlabl><attalias Sync="TRUE">CITY</attalias><attrtype Sync="TRUE">String</attrtype><attwidth Sync="TRUE">64</attwidth></attr><attr><attrlabl Sync="TRUE">NAME</attrlabl><attalias Sync="TRUE">NAME</attalias><attrtype Sync="TRUE">String</attrtype><attwidth Sync="TRUE">64</attwidth></attr><attr><attrlabl Sync="TRUE">REGIONID</attrlabl><attalias Sync="TRUE">REGIONID</attalias><attrtype Sync="TRUE">Number</attrtype><attwidth Sync="TRUE">32</attwidth><atnumdec Sync="TRUE">10</atnumdec></attr></detailed></eainfo><mdDateSt Sync="TRUE">20071221</mdDateSt></metadata>
